Type,Date,City,State,Address,Website_URL,Phone_Number,Details_URL
cc,2015-08-28,Colorado Springs, CO,1200 Cresta Road,http://CO.milesplit.com/teams/CHYM,(719) 630-4115,http://co.milesplit.com/meets/202039-cheyenne-mountain-stampede
cc,2015-09-04,Littleton, CO,2201 E. Dry Creek Rd.,http://CO.milesplit.com/teams/ARAP,847.946.0408,http://co.milesplit.com/meets/197041-arapahoe-warrior-invitational
cc,2015-09-11,Littleton, CO,,http://co.milesplit.com/teams/HERI,,http://co.milesplit.com/meets/199296-liberty-bell-cross-country-invitational
indoor,2014-12-19,Hampton, VA,,http://VA.milesplit.com/teams/TechT,,http://va.milesplit.com/meets/189384-boo-williams-winter-break-invitational
indoor,2014-12-06,Birmingham, AL,,http://AL.milesplit.com/teams/HVER,,http://al.milesplit.com/meets/173623-magic-city-invitational
indoor,2014-12-19,New York, NY,,http://NY.milesplit.com/teams/BRNXV,,http://ny.milesplit.com/meets/186705-jim-mitchell-invitational
cc,2015-09-04,Spartanburg, SC,,http://ny.milesplit.com/teams/BRNXV,,http://co.milesplit.com/meets/195613-scsdb-eye-opener
indoor,2014-12-13,Landover, MD,,,,http://co.milesplit.com/meets/189368-howard-county-winter-festival
indoor,2014-12-13,Birmingham, AL,,http://AL.milesplit.com/teams/HVER,,http://al.milesplit.com/meets/173624-holiday-invitational
indoor,2014-12-20,New York, NY,,http://ny.milesplit.com/teams/BL,718 - 930 - 5259,http://co.milesplit.com/meets/186706-bishop-loughlin-games
indoor,2014-12-12,Newport News, VA,,http://VA.milesplit.com/teams/CNU,,http://va.milesplit.com/meets/185069-cnu-high-school-winter-frolic
cc,2015-09-12,Salem, VA,,http://VA.milesplit.com/teams/CS,,http://va.milesplit.com/meets/193281-knights-crossing-xc-invitational
cc,2015-09-12,Oakville, AL,,http://AL.milesplit.com/teams/LAWR,,http://al.milesplit.com/meets/197357-chickasaw-trails-invitational
indoor,2015-01-23,New York, NY,,http://NY.milesplit.com/teams/Arm,,http://ny.milesplit.com/meets/186729-new-balance-games
cc,2015-09-12,Kutztown, PA,,,,http://pa.milesplit.com/meets/199920-ptxc-7-presented-by-new-balance
cc,2015-09-05,Albuquerque, NM,,http://NM.milesplit.com/venues/1848,,http://nm.milesplit.com/meets/199015-unm-lobo-cross-country-invitational
outdoor,2015-08-01,Norfolk, VA,,http://VA.milesplit.com/venues/369,,http://usa.milesplit.com/meets/194122-aau-junior-olympic-games
outdoor,2015-07-27,Jacksonville, FL,,,,http://co.milesplit.com/meets/195927-usatf-national-jo-outdoor-track-and-field-championship
outdoor,2015-06-25,Eugene, OR,,,,http://co.milesplit.com/meets/200191-usatf-outdoor-track-field-championships
outdoor,2015-06-25,Eugene, OR,,http://IN.milesplit.com/teams/USATF,,http://usa.milesplit.com/meets/200189-usatf-junior-national-outdoor-t-f-championships
outdoor,2015-06-20,Shoreline, WA,,,,http://co.milesplit.com/meets/198424-brooks-pr-invitational
outdoor,2015-06-19,Greensboro, NC,,,,http://co.milesplit.com/meets/190173-new-balance-outdoor-nationals
outdoor,2015-06-13,New York, NY,,,,http://usa.milesplit.com/meets/197879-adidas-grand-prix
outdoor,2015-06-13,Saco, ME,,http://me.milesplit.com/teams/THOA,,http://co.milesplit.com/meets/199083-new-england-championship
outdoor,2015-06-12,Albany, NY,,http://ny.milesplit.com/teams/ALBHS,,http://co.milesplit.com/meets/195600-nysphsaa-ny-state-champs
outdoor,2015-06-10,Eugene, OR,,http://or.milesplit.com/teams/UO,,http://co.milesplit.com/meets/186828-ncaa-division-1-outdoor-track-field-championship
outdoor,2015-06-13,Sacramento, CA,,http://or.milesplit.com/teams/UO,,http://co.milesplit.com/meets/195368-golden-west-invitational
outdoor,2015-06-13,Fort Wayne, IN,,http://IN.milesplit.com/venues/13969,,http://in.milesplit.com/meets/197476-midwest-meet-of-champions
outdoor,2015-06-06,Topsham, ME,,http://me.milesplit.com/teams/MTAHS,,http://co.milesplit.com/meets/199081-maine-class-a-state-championship
outdoor,2015-06-07,Columbus, OH,,http://OH.milesplit.com/teams/OHST,,http://oh.milesplit.com/meets/197475-3rd-annual-ohio-state-hammer-championship
outdoor,2015-06-04,Albuquerque, NM,"73 Eagles Way, Tospham, ME 4086",http://www.mta75.org/,207-729-2951,http://me.milesplit.com/teams/MTAHS
outdoor,2015-06-06,Fitchburg, MA,,,,http://co.milesplit.com/meets/201750-massachusetts-miaa-all-state-outdoor-championship
outdoor,2015-06-05,Columbus, OH,,,,http://oh.milesplit.com/meets/193216-ohsaa-state-track-and-field-championship
outdoor,2015-06-05,Clovis, CA,,http://CA.milesplit.com/teams/BUCHS,,http://ca.milesplit.com/meets/190172-cif-state-track-and-field-championship-prelims-and-finals
outdoor,2015-06-02,West Chester, PA,,http://PA.milesplit.com/teams/1064,,http://pa.milesplit.com/meets/197343-the-10th-annual-john-hay-memorial-pennsylvania-distance-festival
outdoor,2015-05-31,Durfee, MA,,http://ma.milesplit.com/teams/BMCDU,,http://co.milesplit.com/meets/201744-massachusetts-miaa-eastern-division-3-outdoor-championships
outdoor,2015-05-30,San Diego, CA,,http://ca.milesplit.com/teams/MTCRM,,http://co.milesplit.com/meets/190171-cif-san-diego-section-finals
outdoor,2015-06-03,South Plainfield, NJ,,http://NJ.milesplit.com/teams/3217,,http://nj.milesplit.com/meets/200474-njsiaa-state-meet-of-champions
outdoor,2015-05-30,, MA,,,,http://co.milesplit.com/meets/201741-massachusetts-miaa-eastern-division-1-outdoor-championships
outdoor,2015-05-31,Norwell, MA,,,,http://co.milesplit.com/meets/201745-massachusetts-miaa-eastern-division-4-outdoor-championships
outdoor,2015-05-29,Norwalk, CA,,http://ca.milesplit.com/teams/CRTCG,,http://co.milesplit.com/meets/190170-cif-southern-section-masters
outdoor,2015-05-29,Wichita, KS,,,,http://ks.milesplit.com/meets/196457-kansas-state-track-and-field-championships
outdoor,2015-05-29,Jefferson City, MO,,http://MO.milesplit.com/teams/MSHSA,,http://mo.milesplit.com/meets/196158-mshsaa-class-3-5-state-track-field-championships
outdoor,2015-05-28,Elk Grove, CA,,http://ca.milesplit.com/teams/EGHHS,,http://co.milesplit.com/meets/190167-cif-sac-joaquin-masters
outdoor,2015-05-27,Van Nuys, CA,,http://ca.milesplit.com/teams/BMGCC,,http://co.milesplit.com/meets/190166-cif-los-angeles-city-section-finals
outdoor,2015-05-29,Anchorage, AK,,http://AK.milesplit.com/teams/DIMON,,http://ak.milesplit.com/meets/201789-alaska-state-track-field-championships
outdoor,2015-05-23,Clovis, CA,,http://ca.milesplit.com/teams/BUCHS,,http://co.milesplit.com/meets/190158-cif-central-section-masters
outdoor,2015-05-23,Waco, TX,,,,http://tx.milesplit.com/meets/179229-ttfca-meet-of-champions
outdoor,2015-05-23,Kansas City, MO,,http://mo.milesplit.com/teams/WIHS,,http://co.milesplit.com/meets/196209-class-4-sectional-4
outdoor,2015-05-23,Orlando, FL,,/meets/194405-golden-south-classic,,http://fl.milesplit.com/meets/194405-golden-south-classic
outdoor,2015-05-22,Jefferson City, MO,,http://mo.milesplit.com/teams/LINCU,,http://co.milesplit.com/meets/196159-mshsaa-class-1-2-state-track-championships
outdoor,2015-05-22,Shippensburg, PA,,http://PA.milesplit.com/venues/2176,,http://pa.milesplit.com/meets/191125-piaa-t-f-state-championships
outdoor,2015-05-21,Gulf Shores, AL,,http://al.milesplit.com/teams/UMOB,,http://co.milesplit.com/meets/200201-naia-outdoor-track-and-field-national-championships
outdoor,2015-05-22,Lexington, KY,,,,http://ky.milesplit.com/meets/188567-kentucky-state-track-meet
outdoor,2015-05-21,Casper, WY,,,,http://co.milesplit.com/meets/185824-wyoming-state-track-and-field-championship
outdoor,2015-05-16,Geneva, OH,,,,http://oh.milesplit.com/meets/191124-piaa-district-10-aaa-championship
outdoor,2015-05-21,Allendale, MI,,http://mi.milesplit.com/teams/GVST,,http://co.milesplit.com/meets/186837-ncaa-division-ii-track-and-field-championships
outdoor,2015-05-20,Murfreesboro, TN,,http://tn.milesplit.com/teams/TSSAA,,http://co.milesplit.com/meets/190304-tssaa-state-track-and-field-championships
outdoor,2015-05-18,Murfreesboro, TN,,http://tn.milesplit.com/teams/TSSAA,,http://co.milesplit.com/meets/190303-tssaa-state-pentathlon-decathlon-championship
outdoor,2015-05-16,Geneva, OH,,,,http://oh.milesplit.com/meets/191126-piaa-district-10-aa-championship
outdoor,2015-05-15,Columbia, SC,,,,http://co.milesplit.com/meets/184254-schsl-state-championships
outdoor,2015-05-15,Coatesville, PA,,,,http://pa.milesplit.com/meets/198023-piaa-district-1-aaa-championships
outdoor,2015-05-15,Albuquerque, NM,,,,http://co.milesplit.com/meets/198970-new-mexico-4a-6a-state-track-and-field-championships
outdoor,2015-05-15,Provo, UT,,http://UT.milesplit.com/teams/PROVO,,http://ut.milesplit.com/meets/192665-utah-state-track-and-field-championships
outdoor,2015-05-15,Coatesville, PA,,,,http://pa.milesplit.com/meets/198022-piaa-district-1-aa-championships
outdoor,2015-05-16,Greensboro, NC,,,,http://co.milesplit.com/meets/195388-nchsaa-2a-state-championship
outdoor,2015-05-14,Lakewood, CO,,,,http://co.milesplit.com/meets/170347-colorado-state-track-and-field-championships
outdoor,2015-05-15,Greensboro, NC,,,,http://co.milesplit.com/meets/195390-nchsaa-1a-state-championship
outdoor,2015-05-14,Austin, TX,,http://tx.milesplit.com/teams/UT,,http://co.milesplit.com/meets/190855-uil-track-and-field-championship
outdoor,2015-05-15,Boise, ID,,http://id.milesplit.com/teams/IHSAA,,http://co.milesplit.com/meets/191394-idaho-state-t-f-championship-4a-5a
outdoor,2015-05-14,Pittsburgh, PA,,,,http://pa.milesplit.com/meets/197399-piaa-district-7-aa-aaa-championships
outdoor,2015-05-15,Middleton , ID,,http://id.milesplit.com/teams/IHSAA,,http://co.milesplit.com/meets/191393-idaho-state-t-f-championship-1a-2a-3a
outdoor,2015-05-14,Altoona, PA,,http://PA.milesplit.com/teams/1260,,http://pa.milesplit.com/meets/195836-piaa-district-6-aaa-championships
outdoor,2015-05-12,Evensville, TN,,http://TN.milesplit.com/teams/Rhea,,http://tn.milesplit.com/meets/190307-tssaa-aaa-section-2-sectional
outdoor,2015-05-12,Altoona, PA,,http://PA.milesplit.com/teams/1260,,http://pa.milesplit.com/meets/195835-piaa-district-6-aa-championships
outdoor,2015-05-14,Jefferson, GA,,http://GA.milesplit.com/teams/Jeffr,,http://ga.milesplit.com/meets/195144-georgia-olympics
outdoor,2015-05-09,Greensboro, NC,,,,http://co.milesplit.com/meets/195384-nchsaa-4a-state-championship
outdoor,2015-05-11,, TN,,http://tn.milesplit.com/teams/HardV,,http://co.milesplit.com/meets/190305-tssaa-aaa-section-1-sectional
outdoor,2015-05-09,Claremont, NC,,http://nc.milesplit.com/teams/BUNK,,http://co.milesplit.com/meets/195408-nchsaa-2a-west-regional
outdoor,2015-05-08,Longmont, CO,,http://CO.milesplit.com/teams/LONG,,http://co.milesplit.com/meets/184414-st-vrain-invitational
outdoor,2015-05-09,High Point,NC,,http://nc.milesplit.com/teams/TWA,,http://co.milesplit.com/meets/195406-nchsaa-2a-mideast-regional
outdoor,2015-05-09,Monroe, NC,,http://nc.milesplit.com/teams/MNROE,,http://co.milesplit.com/meets/195407-nchsaa-2a-midwest-regional
outdoor,2015-05-09,, NC,,,,http://co.milesplit.com/meets/195405-nchsaa-2a-east-regional
outdoor,2015-05-09,Boone, NC,,http://nc.milesplit.com/teams/AVERY,,http://co.milesplit.com/meets/195400-nchsaa-1a-west-regional
outdoor,2015-05-09,Danbury, NC,,http://nc.milesplit.com/teams/NSTKS,,http://co.milesplit.com/meets/195401-nchsaa-1a-midwest-regional
outdoor,2015-05-09,Burgaw, NC,,http://NC.milesplit.com/teams/TRSK,,http://nc.milesplit.com/meets/195402-nchsaa-1a-mideast-regional
outdoor,2015-05-09,, NC,,,,http://co.milesplit.com/meets/195404-nchsaa-1a-east-regional
outdoor,2015-05-09,Bradenton, FL,,http://FL.milesplit.com/teams/FLYRA,,http://fl.milesplit.com/meets/187237-flyra-middle-school-state-championship
outdoor,2015-05-08,Richmond, VA,,http://VA.milesplit.com/teams/KF,,http://va.milesplit.com/meets/201859-southern-track-classic
outdoor,2015-05-08,Richmond, VA,,http://VA.milesplit.com/teams/KF,,http://va.milesplit.com/meets/197309-southern-track-classic
outdoor,2015-05-09,Pearl, Ms,,http://MS.milesplit.com/teams/MSHSA,,http://ms.milesplit.com/meets/194729-mhsaa-state-championships-2a-4a-6a
outdoor,2015-05-08,Albuquerque, NM,,http://nm.milesplit.com/teams/UNM,,http://co.milesplit.com/meets/198969-new-mexico-1a-3a-state-track-and-field-championships
outdoor,2015-05-08,Greensboro, NC,,,,http://co.milesplit.com/meets/195387-nchsaa-3a-state-championship
outdoor,2015-05-08,Pearl, Ms,,http://MS.milesplit.com/teams/MSHSA,,http://ms.milesplit.com/meets/194730-mhsaa-state-championships-1a-3a-5a
outdoor,2015-05-07,West Mifflin, PA,,,,http://pa.milesplit.com/meets/197407-wpial-aaa-south-section-qualifier
outdoor,2015-05-07,Gibsonia, PA,,,,http://pa.milesplit.com/meets/197406-wpial-aaa-north-section-qualifier
outdoor,2015-05-08,Mesa, AZ,,http://az.milesplit.com/teams/MESAC,,http://co.milesplit.com/meets/193685-aia-division-4-state-championships
outdoor,2015-05-07,Albany, GA,,http://GA.milesplit.com/teams/DRTY,,http://ga.milesplit.com/meets/195143-ghsa-girls-state-track-championships
outdoor,2015-05-07,White Plains, NY,,http://NY.milesplit.com/teams/WHPLN,,http://ny.milesplit.com/meets/195588-48h-glenn-d-loucks-games
outdoor,2015-05-07,North Huntingdon, PA,,,,http://pa.milesplit.com/meets/197403-wpial-aaa-central-section-qualifier
outdoor,2015-05-07,Hookstown, PA,,,,http://pa.milesplit.com/meets/197401-wpial-aa-south-section-qualifier
outdoor,2015-05-07,Pittsburgh, PA,,,,http://pa.milesplit.com/meets/197400-wpial-aa-north-section-qualifier
outdoor,2015-05-06,Mesa, AZ,,http://az.milesplit.com/teams/MESAC,,http://co.milesplit.com/meets/193682-aia-division-1-state-championships
outdoor,2015-05-02,McComb, MS,,http://ms.milesplit.com/teams/MCCO,,http://co.milesplit.com/meets/203466-south-state-4a
outdoor,2015-05-06,Mesa, AZ,,http://az.milesplit.com/teams/MESAC,,http://co.milesplit.com/meets/193683-aia-division-2-state-championships
outdoor,2015-05-02,Sacramento, CA,,http://ca.milesplit.com/teams/AMERI,,http://co.milesplit.com/meets/190136-sacramento-meet-of-champions
outdoor,2015-05-02,Shoreline, WA,,,,http://co.milesplit.com/meets/193136-shoreline-invitational
outdoor,2015-05-02,Madison, MS,,http://MS.milesplit.com/teams/MADI,,http://ms.milesplit.com/meets/203464-north-state-6a-and-south-state-1a
outdoor,2015-05-02,Boone, NC,,http://nc.milesplit.com/teams/WAT,,http://co.milesplit.com/meets/195395-nchsaa-4a-west-regional
outdoor,2015-05-02,Greensboro, NC,,http://nc.milesplit.com/teams/DUD,,http://co.milesplit.com/meets/195394-nchsaa-4a-midwest-regional
outdoor,2015-05-02,Southern Pines, NC,,http://nc.milesplit.com/teams/PINE,,http://co.milesplit.com/meets/195391-nchsaa-4a-east-regional
outdoor,2015-05-02,Asheville, NC,,http://nc.milesplit.com/teams/ACR,,http://co.milesplit.com/meets/195399-nchsaa-3a-west-regional
outdoor,2015-05-02,, NC,,,,http://co.milesplit.com/meets/195392-nchsaa-4a-mideast-regional
outdoor,2015-05-02,Greensboro, NC,,http://nc.milesplit.com/teams/EALAM,,http://co.milesplit.com/meets/195397-nchsaa-3a-mideast-regional
outdoor,2015-05-02,Wendell, NC,,http://nc.milesplit.com/teams/CORIN,,http://co.milesplit.com/meets/195396-nchsaa-3a-east-regional
outdoor,2015-05-02,Matthews, NC,,http://nc.milesplit.com/teams/WED,,http://co.milesplit.com/meets/195398-nchsaa-3a-midwest-regional
outdoor,2015-05-02,Kirkland, WA,,http://wa.milesplit.com/teams/LKWSH,,http://co.milesplit.com/meets/193132-39th-annual-lake-washington-invitational
outdoor,2015-05-01,Saline, MI,,http://MI.milesplit.com/teams/SALIN,,http://mi.milesplit.com/meets/191791-golden-triangle-invitational
outdoor,2015-05-01,Charlottesville, VA,,http://VA.milesplit.com/teams/ALBE,,http://va.milesplit.com/meets/190059-dogwood-track-classic
outdoor,2015-05-01,Portland, OR,,http://OR.milesplit.com/teams/Jes,,http://or.milesplit.com/meets/192847-nike-jesuit-twilight-relays
outdoor,2015-05-01,Jacksonville, FL,,http://fl.milesplit.com/teams/UNF,,http://co.milesplit.com/meets/191473-fhsaa-outdoor-state-finals-friday
outdoor,2015-05-01,Pittsburgh, PA,,http://PA.milesplit.com/teams/1317,,http://pa.milesplit.com/meets/197371-42nd-annual-baldwin-invitational
outdoor,2015-04-25,Natchez, MS,,http://ms.milesplit.com/teams/NATC,,http://co.milesplit.com/meets/200779-region-3-5a
outdoor,2015-04-24,Littleton, CO,,http://CO.milesplit.com/teams/HERI,,http://co.milesplit.com/meets/190488-liberty-bell-invitational
outdoor,2015-04-24,Colorado Springs, CO,,http://CO.milesplit.com/teams/CORO,,http://co.milesplit.com/meets/201813-coronado-cougar-classic
outdoor,2015-05-01,West Chester, PA,,http://PA.milesplit.com/teams/1064,,http://pa.milesplit.com/meets/193542-10th-nike-henderson-track-field-invitational
outdoor,2015-04-25,Meridian, MS,,http://MS.milesplit.com/teams/MERI,,http://ms.milesplit.com/meets/199457-region-3-4a-and-3-6a
outdoor,2015-04-25,Mission Viejo, CA,,http://ca.milesplit.com/teams/MVJHS,,http://co.milesplit.com/meets/190117-orange-county-championships
outdoor,2015-04-25,Ridgeland, MS,,http://ms.milesplit.com/teams/MRA,,http://co.milesplit.com/meets/202082-mra-invitational
outdoor,2015-04-25,Murrieta, CA,,http://ca.milesplit.com/teams/VMHS,,http://co.milesplit.com/meets/190114-inland-empire-county-championships
outdoor,2015-04-24,Cleveland, TN,,http://TN.milesplit.com/teams/WVHS,,http://tn.milesplit.com/meets/190289-tennesseerunner-middle-school-meet-of-champions
outdoor,2015-04-24,Louisville, KY,,http://KY.milesplit.com/teams/east,,http://ky.milesplit.com/meets/188702-eastern-relays
outdoor,2015-04-24,Madison, AL,,http://AL.milesplit.com/teams/jamc,,http://al.milesplit.com/meets/203161-ahsaa-7a-section-4
outdoor,2015-04-24,St. Paul, MN,,,,http://co.milesplit.com/meets/192262-hamline-elite-meet
outdoor,2015-04-24,Mountain Brook, AL,,http://AL.milesplit.com/teams/MTBR,,http://al.milesplit.com/meets/203160-ahsaa-7a-section-3
outdoor,2015-04-24,Mobile, AL,,http://AL.milesplit.com/teams/MCTO,,http://al.milesplit.com/meets/203158-ahsaa-7a-section-1
outdoor,2015-04-24,Smiths Station, AL,,http://AL.milesplit.com/teams/SMTH,,http://al.milesplit.com/meets/203159-ahsaa-7a-section-2
outdoor,2015-04-24,Fort Payne, AL,,http://AL.milesplit.com/venues/12902,,http://al.milesplit.com/meets/203156-ahsaa-6a-section-4
outdoor,2015-04-24,Beauregard, AL,,http://AL.milesplit.com/venues/5185,,http://al.milesplit.com/meets/203150-ahsaa-5a-section-2
outdoor,2015-04-24,Mountain Brook, AL,,http://AL.milesplit.com/teams/MTBR,,http://al.milesplit.com/meets/203155-ahsaa-6a-section-3
outdoor,2015-04-24,Mobile, AL,,http://AL.milesplit.com/teams/MCTO,,http://al.milesplit.com/meets/203153-ahsaa-6a-section-1
outdoor,2015-04-24,Madison, AL,,http://AL.milesplit.com/teams/jamc,,http://al.milesplit.com/meets/203152-ahsaa-5a-section-4
outdoor,2015-04-24,Tuscaloosa, AL,,http://AL.milesplit.com/teams/AMER,,http://al.milesplit.com/meets/203154-ahsaa-6a-section-2
outdoor,2015-04-24,Falkville, AL,,http://AL.milesplit.com/teams/CORN,,http://al.milesplit.com/meets/203151-ahsaa-5a-section-3
outdoor,2015-04-24,Mobile, AL,,http://AL.milesplit.com/teams/MCTO,,http://al.milesplit.com/meets/203149-ahsaa-5a-section-1
outdoor,2015-04-24,Madison, AL,,http://AL.milesplit.com/teams/jamc,,http://al.milesplit.com/meets/194724-ahsaa-4a-section-4
outdoor,2015-04-24,Beauregard, AL,,http://AL.milesplit.com/venues/5185,,http://al.milesplit.com/meets/194723-ahsaa-4a-section-3
outdoor,2015-04-24,Dora, AL,,http://AL.milesplit.com/teams/CORN,,http://al.milesplit.com/meets/194722-ahsaa-4a-section-2
outdoor,2015-04-24,Smiths Station, AL,,http://AL.milesplit.com/teams/SMTH,,http://al.milesplit.com/meets/194721-ahsaa-4a-section-1
indoor,2015-04-10,Anchorage, AK,,http://AK.milesplit.com/teams/GRACE,,http://ak.milesplit.com/meets/195743-big-c-relays
indoor,2015-04-04,, USA,,,,http://co.milesplit.com/meets/203404-w-tfa-state-indoor-championships
indoor,2015-03-21,West Lafayette, IN,,http://IN.milesplit.com/venues/17586,,http://in.milesplit.com/meets/192310-hoosier-state-relays
outdoor,2015-04-24,Mountain Brook, AL,,http://AL.milesplit.com/teams/MTBR,,http://al.milesplit.com/meets/194720-ahsaa-3a-section-4
indoor,2015-03-27,Bloomington, IL,,,,http://il.milesplit.com/meets/192572-illinois-top-times
outdoor,2015-04-24,Fort Payne, AL,,http://AL.milesplit.com/venues/12902,,http://al.milesplit.com/meets/194719-ahsaa-3a-section-3
indoor,2015-03-21,Champaign, IL,,http://IL.milesplit.com/venues/11379,,http://il.milesplit.com/meets/192570-gene-armer-invitational
outdoor,2015-04-24,Tuscaloosa, AL,,http://AL.milesplit.com/teams/AMER,,http://al.milesplit.com/meets/194718-ahsaa-3a-section-2
indoor,2015-03-27,Fargo, ND,,,,http://co.milesplit.com/meets/201705-north-dakota-state-indoor-championships
outdoor,2015-04-24,Montgomery, AL,,http://AL.milesplit.com/venues/9400,,http://al.milesplit.com/meets/194715-ahsaa-3a-section-1
outdoor,2015-04-24,Dora, AL,,http://AL.milesplit.com/teams/CORN,,http://al.milesplit.com/meets/194714-ahsaa-2a-section-4
outdoor,2015-04-24,Opelika, AL,,http://AL.milesplit.com/venues/1476,,http://al.milesplit.com/meets/194713-ahsaa-2a-section-3
indoor,2015-03-13,Winston-Salem, NC,,,,http://co.milesplit.com/meets/198556-ncaa-diii-indoor-championships
indoor,2015-03-13,New York, NY,,,,http://usa.milesplit.com/meets/186760-new-balance-nationals-indoor
indoor,2015-03-13,Birmingham, AL,,,,http://co.milesplit.com/meets/186110-ncaa-dii-indoor-track-and-field-championships
indoor,2015-03-13,Fayetteville, AR,,http://ar.milesplit.com/teams/UAF,,http://co.milesplit.com/meets/186123-ncaa-di-indoor-track-and-field-championships
indoor,2015-03-09,Hampton, VA,,http://VA.milesplit.com/teams/BETHE,,http://va.milesplit.com/meets/189355-vhsl-group-6a-state-indoor-t-f-championships
indoor,2015-03-09,Hampton, VA,,http://VA.milesplit.com/teams/MVIEW,,http://va.milesplit.com/meets/189356-vhsl-group-5a-state-indoor-t-f-championships
outdoor,2015-04-24,Tuscaloosa, AL,,http://AL.milesplit.com/teams/AMER,,http://al.milesplit.com/meets/194712-ahsaa-2a-section-2
outdoor,2015-04-24,Smiths Station, AL,,http://AL.milesplit.com/teams/SMTH,,http://al.milesplit.com/meets/194709-ahsaa-1a-section-3
outdoor,2015-04-24,Montgomery, AL,,http://AL.milesplit.com/venues/9400,,http://al.milesplit.com/meets/194708-ahsaa-1a-section-2
outdoor,2015-04-24,Dora, AL,,http://AL.milesplit.com/teams/CORN,,http://al.milesplit.com/meets/194710-ahsaa-1a-section-4
indoor,2015-03-09,Lynchburg, VA,,http://VA.milesplit.com/teams/STAUN,,http://va.milesplit.com/meets/189352-vhsl-group-4a-state-indoor-t-f-championships
indoor,2015-03-09,Lynchburg, VA,,http://VA.milesplit.com/teams/STAUN,,http://va.milesplit.com/meets/189351-vhsl-group-3a-state-indoor-t-f-championships
outdoor,2015-04-24,Montgomery, AL,,http://AL.milesplit.com/venues/9400,,http://al.milesplit.com/meets/194711-ahsaa-2a-section-1
outdoor,2015-04-24,Tuscaloosa, AL,,http://AL.milesplit.com/teams/AMER,,http://al.milesplit.com/meets/194707-ahsaa-1a-section-1
indoor,2015-03-09,Naperville, IL,,http://IL.milesplit.com/teams/DGSHS,,http://il.milesplit.com/meets/192562-downers-grove-south-mustang-relays
indoor,2015-03-07,Rolling Meadows, IL,,http://IL.milesplit.com/venues/7252,,http://il.milesplit.com/meets/192561-windy-city-pole-vault-summit
indoor,2015-03-07,Akron, OH,,,,http://oh.milesplit.com/meets/189396-oatccc-indoor-state-championship
indoor,2015-03-07,Ithaca, NY,,http://NY.milesplit.com/teams/CORN,,http://ny.milesplit.com/meets/186761-nysphsaa-ny-state-champs
outdoor,2015-04-23,Philadelphia, PA,,http://pa.milesplit.com/teams/UPENN,,http://co.milesplit.com/meets/185046-the-penn-relays-carnival
outdoor,2015-04-18,Clovis, CA,,http://CA.milesplit.com/teams/BUCHS,,http://ca.milesplit.com/meets/190104-west-coast-relays
outdoor,2015-04-18,Woodbury, NJ,,http://NJ.milesplit.com/teams/4122,,http://nj.milesplit.com/meets/199567-the-woodbury-relays
outdoor,2015-04-18,Shippensburg, PA,,http://PA.milesplit.com/venues/2176,,http://pa.milesplit.com/meets/193388-shippensburg-89th-jack-roddick-hs-invitational
outdoor,2015-04-18,Pasco, WA,,http://WA.milesplit.com/teams/PASCO,,http://wa.milesplit.com/meets/193089-pasco-invitational
outdoor,2015-04-18,Forestville, MD,,http://MD.milesplit.com/venues/12641,,http://md.milesplit.com/meets/178383-mcnamara-mustangs-invitational
indoor,2015-03-07,Ypsilanti, MI,,http://IA.milesplit.com/teams/NAAU,,http://usa.milesplit.com/meets/191311-aau-14-under-youth-national-indoor-championship
indoor,2015-03-06,Gillette, WY,,http://wy.milesplit.com/teams/GILHS,,http://co.milesplit.com/meets/189439-wyoming-state-indoor-track-field-championships
indoor,2015-03-05,Geneva, OH,,,,http://co.milesplit.com/meets/191168-naia-indoor-track-national-championship
indoor,2015-03-03,New York, NY,,,,http://ny.milesplit.com/meets/186757-81st-eastern-states-championships
indoor,2015-03-01,West Point, NY,,http://al.milesplit.com/teams/,,http://co.milesplit.com/meets/202351-aau-indoor-track-field-national-championship
outdoor,2015-04-17,Woodbury, NJ,,http://NJ.milesplit.com/teams/4122,,http://nj.milesplit.com/meets/199570-the-woodbury-middle-school-relays
outdoor,2015-04-17,New York, NY,,http://NY.milesplit.com/venues/5811,,http://ny.milesplit.com/meets/198229-new-york-relays
outdoor,2015-04-17,Mesa, AZ,,http://AZ.milesplit.com/venues/7571,,http://az.milesplit.com/meets/193989-hohokam-invitational
outdoor,2015-04-17,Indianapolis, IN,,http://in.milesplit.com/teams/FCEN,,http://co.milesplit.com/meets/192196-flashes-showcase
outdoor,2015-04-16,Eugene, OR,,http://OR.milesplit.com/teams/UO,,http://or.milesplit.com/meets/193088-oregon-relays
outdoor,2015-04-16,Walnut, CA,,http://CA.milesplit.com/teams/MTSAC,,http://ca.milesplit.com/meets/190096-mt-sac-relays
outdoor,2015-04-11,Denver, CO,,http://CO.milesplit.com/teams/MULL,,http://co.milesplit.com/meets/184413-mullen-adidas-runners-roost-invitational
indoor,2015-03-01,State College, PA,,,,http://pa.milesplit.com/meets/182361-2015-ptfca-indoor-state-championship
indoor,2015-02-28,Johnson City, TN,,http://tn.milesplit.com/teams/KYA,,http://co.milesplit.com/meets/186696-tennessee-state-hs-indoor-track-championships
indoor,2015-02-28,Ypsilanti, MI,,,,http://mi.milesplit.com/meets/188504-mits-state-championship
indoor,2015-02-27,Geneva, OH,,,,http://co.milesplit.com/meets/195985-big-ten-indoor-conference-championship
outdoor,2015-04-15,Lawrence, KS,,http://ks.milesplit.com/teams/KU,,http://co.milesplit.com/meets/195515-kansas-relays
outdoor,2015-04-14,Nashville, TN,,http://tn.milesplit.com/teams/VU,,http://co.milesplit.com/meets/199481-great-8-invitational
indoor,2015-02-27,Boston, MA,,,,http://ma.milesplit.com/meets/189639-28th-new-england-indoor-track-field-championships
outdoor,2015-04-10,Columbia, SC,,,,http://co.milesplit.com/meets/156368-taco-bell-classic
indoor,2015-02-26,Blacksburg, VA,,,,http://ma.milesplit.com/meets/189639-28th-new-england-indoor-track-field-championships
outdoor,2015-04-11,Walnut, CA,,http://CA.milesplit.com/teams/MTSAC,,http://ca.milesplit.com/meets/197676-mt-sac-community-college-invitational
indoor,2015-02-23,Landover, MD,,,,http://md.milesplit.com/meets/190980-3a-maryland-indoor-state-championship
indoor,2015-02-21,Lexington, KY,,,,http://ky.milesplit.com/meets/188566-uk-high-school-invitational
indoor,2015-02-21,Toms River, NJ,,,,http://nj.milesplit.com/meets/189119-njsiaa-meet-of-champions
indoor,2015-02-23,Landover, MD,,,,http://md.milesplit.com/meets/190981-4a-maryland-indoor-state-championship
outdoor,2015-04-10,Germantown, TN,,http://TN.milesplit.com/venues/4205,,http://tn.milesplit.com/meets/188956-houston-track-classic
outdoor,2015-04-10,Fairfax, VA,,http://VA.milesplit.com/teams/ROB,,http://va.milesplit.com/meets/192984-northern-virginia-invitational
outdoor,2015-04-10,Cleveland, TN,,http://TN.milesplit.com/teams/WVHS,,http://tn.milesplit.com/meets/188058-chattanooga-optimist-southeastern-track-field-invitational
outdoor,2015-04-10,Arcadia, CA,,http://CA.milesplit.com/teams/AHS,,http://ca.milesplit.com/meets/190088-arcadia-invitational
outdoor,2015-04-09,Knoxville, TN,,http://tn.milesplit.com/teams/UT,,http://co.milesplit.com/meets/197635-sea-ray-relays
indoor,2015-02-21,Allendale Charter Township, MI,,http://MI.milesplit.com/teams/GVST,,http://mi.milesplit.com/meets/191738-mits-gvsu-3-gazelle-sports-elite-meet
indoor,2015-02-21,Boston, MA,,,,http://co.milesplit.com/meets/190935-miaa-auerbach-all-state-meet
indoor,2015-02-19,Pocatello, ID,,http://ID.milesplit.com/venues/2057,,http://id.milesplit.com/meets/181692-simplot-games
outdoor,2015-04-09,Hattisburg, MS,,http://ms.milesplit.com/teams/HATT,,http://co.milesplit.com/meets/203668-2015-forrest-lamar-county-championships
indoor,2015-02-21,Durham, NH,,,,http://co.milesplit.com/meets/195433-new-hampshire-indoor-t-f-state-championships
outdoor,2015-04-04,Atlanta, GA,,http://GA.milesplit.com/teams/WLAK,,http://ga.milesplit.com/meets/181966-westlake-relays
indoor,2015-02-21,, CT,,,,http://co.milesplit.com/meets/194687-ciac-state-open-championships
outdoor,2015-04-03,Johnson City, TN,,http://tn.milesplit.com/teams/KYA,,http://co.milesplit.com/meets/186693-tri-cities-track-classic
outdoor,2015-04-04,Nassau, NP,,,,http://co.milesplit.com/meets/197042-carifta-games
outdoor,2015-04-03,Mission Viejo, CA,,http://CA.milesplit.com/teams/THHS,,http://ca.milesplit.com/meets/190080-trabuco-hills-invitational
indoor,2015-02-17,Boston, MA,,,,http://co.milesplit.com/meets/190934-miaa-division-5-championships
indoor,2015-02-16,Gorham, ME,,,,http://me.milesplit.com/meets/189207-class-a-indoor-state-championship
indoor,2015-02-16,New Haven, CT,,,,http://co.milesplit.com/meets/194738-ciac-class-ll-championships
outdoor,2015-04-03,Palo Alto, CA,,http://CA.milesplit.com/venues/878,,http://ca.milesplit.com/meets/186830-stanford-invitational
outdoor,2015-04-03,Mobile, AL,,http://AL.milesplit.com/teams/STPA,,http://al.milesplit.com/meets/188564-mobile-challenge-of-champions
outdoor,2015-04-03,Newport News, VA,,http://VA.milesplit.com/teams/CNU,,http://va.milesplit.com/meets/185071-cnus-30th-annual-hs-captains-classic
outdoor,2015-04-03,Myrtle Beach, SC,,http://SC.milesplit.com/teams/CFT,,http://sc.milesplit.com/meets/192331-beach-run-invitational
indoor,2015-02-16,Landover, MD,,,,http://md.milesplit.com/meets/190979-2a-maryland-indoor-state-championship
outdoor,2015-04-03,Williamsburg, VA,,http://VA.milesplit.com/teams/WM,,http://va.milesplit.com/meets/178431-colonial-relays
indoor,2015-02-16,Landover, MD,,,,http://md.milesplit.com/meets/190978-1a-maryland-indoor-state-championship
indoor,2015-02-15,Birmingham, AL,,http://al.milesplit.com/teams/USATF,,http://co.milesplit.com/meets/194692-usatf-south-zone-indoor-meet
outdoor,2015-04-02,Houston, TX,,http://tx.milesplit.com/teams/RICE,,http://co.milesplit.com/meets/191206-victor-lopez-classic
outdoor,2015-03-31,Hattisburg, MS,,http://ms.milesplit.com/teams/HATT,,http://co.milesplit.com/meets/202181-powerade-relays
indoor,2015-02-15,Fresno, CA,,http://ca.milesplit.com/teams/FRESN,,http://co.milesplit.com/meets/194172-the-run-for-the-dream
indoor,2015-02-15,Albuquerque, NM,,,,http://nm.milesplit.com/meets/181691-great-southwest-classic-indoor-invitational
indoor,2015-02-14,Richmond, VA,,http://VA.milesplit.com/teams/STC,,http://va.milesplit.com/meets/191492-visaa-indoor-track-field-championships
indoor,2015-02-14,Geneva, OH,,,,http://oh.milesplit.com/meets/191238-spire-hs-showcase
outdoor,2015-03-28,Pasadena, CA,,http://ca.milesplit.com/teams/PSDNC,,http://co.milesplit.com/meets/190074-pasadena-games-invitational
outdoor,2015-03-28,Knoxville, TN,,http://TN.milesplit.com/venues/8861,,http://tn.milesplit.com/meets/191401-hardin-valley-invitational
indoor,2015-02-14,Northfield, VT,,,,http://co.milesplit.com/meets/194656-vermont-state-indoor-t-f-championships
outdoor,2015-03-28,Marietta, GA,,http://GA.milesplit.com/teams/MARR,,http://ga.milesplit.com/meets/184332-cobb-county-track-and-field-championships
outdoor,2015-03-28,Huntington Beach, CA,,http://ca.milesplit.com/teams/MRNAH,,http://co.milesplit.com/meets/195414-beach-cities-track-field-invitational
indoor,2015-02-14,Winston-Salem, NC,,http://NC.milesplit.com/teams/NSTKS,,http://nc.milesplit.com/meets/188885-nchsaa-4a-indoor-state-championship
indoor,2015-02-14,Bethlehem, PA,,,,http://pa.milesplit.com/meets/188390-ptfca-indoor-track-carnival
indoor,2015-02-14,Winston-Salem, NC,,http://NC.milesplit.com/teams/MCM,,http://nc.milesplit.com/meets/188862-nchsaa-3a-indoor-state-championship
outdoor,2015-03-28,Azusa, CA,,http://CA.milesplit.com/teams/ARRHS,,http://ca.milesplit.com/meets/197122-adidas-azusa-meet-of-champions
outdoor,2015-03-28,San Diego, CA,,http://CA.milesplit.com/teams/MTCRM,,http://ca.milesplit.com/meets/190072-asics-mt-carmel-invitational
outdoor,2015-03-28,Plymouth-Whitemarsh, PA,,http://PA.milesplit.com/teams/1015,,http://pa.milesplit.com/meets/193190-30th-pennsylvania-track-classic
outdoor,2015-03-27,St. George, UT,,http://ut.milesplit.com/teams/PVIEW,,http://co.milesplit.com/meets/192627-pine-view-invitational
outdoor,2015-03-27,Tallahassee, FL,,http://FL.milesplit.com/teams/FSU,,http://fl.milesplit.com/meets/188264-fsu-relays
indoor,2015-02-14,New Haven, CT,,,,http://co.milesplit.com/meets/194638-ciac-class-m-championships
indoor,2015-02-14,New York, NY,,,,http://ny.milesplit.com/meets/186742-millrose-games
indoor,2015-02-14,Boston, MA,,,,http://co.milesplit.com/meets/190933-miaa-division-4-championships
indoor,2015-02-13,Boston, MA,,,,http://co.milesplit.com/meets/190932-miaa-division-3-championships
outdoor,2015-03-27,Festus, MO,,http://MO.milesplit.com/teams/FSTHS,,http://mo.milesplit.com/meets/194465-festus-early-bird-hs-invitational
indoor,2015-02-13,New Haven, CT,,,,http://co.milesplit.com/meets/194619-ciac-class-l-championships
indoor,2015-02-13,Winston-Salem, NC,,http://NC.milesplit.com/teams/NSTKS,,http://nc.milesplit.com/meets/188757-nchsaa-1a-2a-indoor-state-championship
outdoor,2015-03-27,Raleigh, NC,,http://NC.milesplit.com/venues/702,,http://nc.milesplit.com/meets/193409-adidas-raleigh-relays
outdoor,2015-03-25,Austin, TX,,http://tx.milesplit.com/teams/UT,,http://co.milesplit.com/meets/190856-texas-relays
outdoor,2015-03-21,Jacksonville, FL,,http://FL.milesplit.com/teams/RAIN,,http://fl.milesplit.com/meets/190814-bob-hayes-invitational
indoor,2015-02-12,Boston, MA,,,,http://co.milesplit.com/meets/190931-miaa-division-2-championships
indoor,2015-02-11,Boston, MA,,,,http://co.milesplit.com/meets/190930-miaa-division-1-championships
outdoor,2015-03-21,Ft. Lauderdale, FL,,http://FL.milesplit.com/teams/DILL,,http://fl.milesplit.com/meets/196890-bcaa-championships
indoor,2015-02-07,Seattle, WA,,http://wa.milesplit.com/teams/UW,,http://co.milesplit.com/meets/191575-uw-high-school-invitational
indoor,2015-02-07,Boston, MA,,,,http://ma.milesplit.com/meets/193222-new-balance-grand-prix
indoor,2015-02-07,USAFA, CO,,http://CO.milesplit.com/teams/AF,,http://co.milesplit.com/meets/181690-air-force-high-school-indoor-open
outdoor,2015-03-21,Tampa, FL,,http://FL.milesplit.com/teams/GEOS,,http://fl.milesplit.com/meets/193186-6th-annual-usf-george-m-steinbrenner-invitational
indoor,2015-02-07,Baton Rouge, LA,,http://LA.milesplit.com/teams/LSU,,http://la.milesplit.com/meets/190694-lsu-high-school-last-chance-qualifier
outdoor,2015-03-20,Houston, TX,,http://tx.milesplit.com/teams/TEXAS,,http://co.milesplit.com/meets/199224-texas-southern-relays
outdoor,2015-03-20,Louisville, KY,,http://KY.milesplit.com/teams/CHAC,,http://ky.milesplit.com/meets/185569-kytrackxccom-5k-showdown
indoor,2015-02-07,Fayetteville, AR,,http://AR.milesplit.com/teams/UAF,,http://ar.milesplit.com/meets/193894-arkansas-indoor-hs-championships-5a-6a-7a
outdoor,2015-03-20,Chandler, AZ,,http://AZ.milesplit.com/venues/6100,,http://az.milesplit.com/meets/188582-75th-chandler-rotary
indoor,2015-02-06,Winston-Salem, NC,,http://NC.milesplit.com/venues/14380,,http://nc.milesplit.com/meets/188004-david-oliver-classic
outdoor,2015-03-13,Atlanta, GA,,http://GA.milesplit.com/teams/POPE,,http://ga.milesplit.com/meets/184208-the-coaches-invitational
outdoor,2015-03-20,Dallas, TX,,http://TX.milesplit.com/teams/DALJE,,http://tx.milesplit.com/meets/191677-jesuit-sheaner-relays
indoor,2015-02-06,Boise, ID,,http://ID.milesplit.com/teams/BSU,,http://id.milesplit.com/meets/190519-jacksons-invitational-new-balance-west
indoor,2015-02-06,Birmingham, AL,,,,http://al.milesplit.com/meets/173629-ahsaa-state-indoor-1a-7a-championship
indoor,2015-02-06,Fayetteville, AR,,http://AR.milesplit.com/venues/7048,,http://ar.milesplit.com/meets/193893-arkansas-indoor-hs-championships-1a-2a-3a-4a
outdoor,2015-03-13,, CA,,,,http://co.milesplit.com/meets/190006-south-county-classic
outdoor,2015-03-13,Redondo Beach, CA,,http://CA.milesplit.com/teams/REDHS,,http://ca.milesplit.com/meets/190009-redondo-nike-festival
outdoor,2015-03-13,Irvine, CA,,http://CA.milesplit.com/teams/IRVIN,,http://ca.milesplit.com/meets/190008-irvine-asics-invitational
outdoor,2015-03-07,Lancaster, TX,,http://TX.milesplit.com/teams/LAN,,http://tx.milesplit.com/meets/191540-lancaster-meet-of-champions
outdoor,2015-03-06,Hattiesburg, MS,,http://MS.milesplit.com/teams/SOMSS,,http://ms.milesplit.com/meets/189394-usm-high-school-invitational
indoor,2015-02-05,New York, NY,,,,http://ny.milesplit.com/meets/188925-the-varsity-classic
indoor,2015-02-05,Hillhouse, CT,,,,http://co.milesplit.com/meets/193886-fciac-championships
outdoor,2015-02-21,Atlanta, GA,,http://GA.milesplit.com/teams/WLAK,,http://usa.milesplit.com/meets/181964-4th-annual-lions-showcase
indoor,2015-02-01,Boston, MA,,,,http://ma.milesplit.com/meets/190920-mstca-last-chance-to-qualify-meet
indoor,2015-01-31,Lexington, KY,,http://ky.milesplit.com/teams/UK,,http://co.milesplit.com/meets/188565-wildcat-classic
indoor,2015-01-31,New Haven, CT,,,,http://co.milesplit.com/meets/190591-central-connecticut-conference-indoor-t-f-championships
indoor,2015-01-31,Nashville, TN,,,,http://co.milesplit.com/meets/186695-vanderbilt-high-school-indoor-invitational
indoor,2015-01-30,Birmingham, AL,,http://AL.milesplit.com/teams/HVER,,http://al.milesplit.com/meets/173628-last-chance-invitational
indoor,2015-01-30,Allendale Charter Township, MI,,http://MI.milesplit.com/teams/GVST,,http://mi.milesplit.com/meets/193428-gazelle-sports-elite-meet-mits-gvsu-3
indoor,2015-01-30,Blacksburg, VA,,http://VA.milesplit.com/teams/KF,,http://va.milesplit.com/meets/186191-virginia-tech-high-school-invitational
indoor,2015-01-25,Boston, MA,,,,http://ma.milesplit.com/meets/190880-mstca-elite-meet-coaches-invitational
indoor,2015-01-25,Boston, MA,,,,http://ma.milesplit.com/meets/190879-mstca-coaches-invitational
indoor,2015-01-30,New York, NY,,,,http://ny.milesplit.com/meets/186732-armory-track-invitational
indoor,2015-01-24,Rockville, MD,,http://MD.milesplit.com/teams/GPS,,http://md.milesplit.com/meets/192935-last-track-to-philly
indoor,2015-01-23,Golden, CO,,http://co.milesplit.com/teams/CSM,,http://co.milesplit.com/meets/186835-csm-twilight-open
indoor,2015-01-24,State College, PA,,http://PA.milesplit.com/teams/PSU,,http://pa.milesplit.com/meets/188359-kevin-dare-high-school-invitational
indoor,2015-01-24,Winston-Salem, NC,,,,http://nc.milesplit.com/meets/186190-fast-track-high-school-invitational
indoor,2015-01-23,Richmond, VA,,http://VA.milesplit.com/teams/STC,,http://va.milesplit.com/meets/188949-st-christophers-invitational
indoor,2015-01-23,Gainesville, FL,,,,http://co.milesplit.com/meets/188733-jimmy-carnes-indoor-meet
indoor,2015-01-23,Hampton, VA,,,,http://va.milesplit.com/meets/189452-atlantic-coast-invitational
indoor,2015-01-20,Baltimore, Md,,,,http://co.milesplit.com/meets/192161-baltimore-county-championship
indoor,2015-01-17,State College, PA,,http://pa.milesplit.com/teams/PSU,,http://co.milesplit.com/meets/190366-nittany-lion-challenge
indoor,2015-01-17,New York, NY,,http://NY.milesplit.com/teams/AM,,http://ny.milesplit.com/meets/186725-molloy-stanner-games
indoor,2015-01-17,Houston, TX,,http://TX.milesplit.com/venues/1379,,http://tx.milesplit.com/meets/191107-carl-lewis-invitational
indoor,2015-01-17,Fayetteville, AR,,http://AR.milesplit.com/teams/UAF,,http://ar.milesplit.com/meets/191106-arkansas-high-school-invitational
indoor,2015-01-16,New Haven, CT,,,,http://ct.milesplit.com/meets/188215-yale-track-classic
indoor,2015-01-16,Hampton, VA,,http://VA.milesplit.com/teams/TechT,,http://va.milesplit.com/meets/190818-mlk-holiday-invitational
indoor,2015-01-16,New York, NY,,http://NY.milesplit.com/venues/1942,,http://ny.milesplit.com/meets/190197-colgate-womens-games-4
indoor,2015-01-16,Johnson City, TN,,http://tn.milesplit.com/teams/KYA,,http://co.milesplit.com/meets/186694-kya-high-school-indoor-classic
indoor,2015-01-16,Reno, NV,,,,http://co.milesplit.com/meets/191023-national-pole-vault-summit
indoor,2015-01-14,New York, NY,,http://NY.milesplit.com/teams/Arm,,http://ny.milesplit.com/meets/186722-millrose-games-trials
indoor,2015-01-15,Landover, MD,,,,http://co.milesplit.com/meets/191809-prince-georges-county-championship
indoor,2015-01-10,Baton Rouge, LA,,http://la.milesplit.com/teams/LSU,,http://co.milesplit.com/meets/190690-lsu-high-school-classic
indoor,2015-01-10,Landover, MD,,http://MD.milesplit.com/teams/WJHS,,http://md.milesplit.com/meets/190265-montgomery-invitational
indoor,2015-01-09,New York, NY,,http://NY.milesplit.com/teams/Arm,,http://ny.milesplit.com/meets/186719-the-hispanic-games
indoor,2015-01-09,College Station, TX,,http://TX.milesplit.com/venues/626,,http://tx.milesplit.com/meets/190258-texas-a-m-high-school-indoor-classic
indoor,2015-01-09,Hampton, VA,,http://VA.milesplit.com/teams/LAKE,,http://va.milesplit.com/meets/189565-southeastern-district-invitational
indoor,2015-01-09,Hanover, NH,,http://NH.milesplit.com/venues/2886,,http://nh.milesplit.com/meets/189718-dartmouth-relays
indoor,2015-01-09,New York, NY,,http://NY.milesplit.com/venues/1942,,http://ny.milesplit.com/meets/190196-colgate-womens-games-3
cc,2016-11-19,Louisville, KY,,http://ky.milesplit.com/teams/spld,,http://co.milesplit.com/meets/157695-ncaa-division-diii-cross-country-championships
cc,2015-11-21,Casa Grande, AZ,,,,http://co.milesplit.com/meets/194600-nike-cross-regionals-southwest
indoor,2015-01-07,Landover, MD,,,,http://co.milesplit.com/meets/191272-dciaa-indoor-invitational
cc,2015-11-14,Dayton , TN,,,,http://tn.milesplit.com/meets/188486-naca-cross-country-championships
indoor,2015-01-03,Landover, MD,,http://MD.milesplit.com/teams/NPT,,http://md.milesplit.com/meets/185404-southern-maryland-indoor-track-classic
indoor,2015-01-03,Belton, TX,,,,http://co.milesplit.com/meets/191053-pole-vault-explosion-vi
indoor,2015-01-03,Norman, AR,,,,http://co.milesplit.com/meets/191042-jack-frost-vault-meet
cc,2015-10-31,Colorado Springs, CO,,http://CO.milesplit.com/teams/CHYM,,http://co.milesplit.com/meets/189175-colorado-state-cross-country-championships
indoor,2015-01-03,Lynchburg, VA,,http://VA.milesplit.com/teams/LCHRI,,http://va.milesplit.com/meets/187231-bulldog-invitational
indoor,2015-01-03,Birmingham, AL,,http://AL.milesplit.com/teams/HVER,,http://al.milesplit.com/meets/173627-ice-breaker-invitational-7a
cc,2015-11-14,Oakville, AL,,,,http://al.milesplit.com/meets/197362-ahsaa-xc-state-championship
cc,2015-11-07,Rio Rancho, NM,,http://NM.milesplit.com/teams/RRHS,,http://nm.milesplit.com/meets/195428-new-mexico-cross-country-state-championship
cc,2015-11-07,Tallahassee, FL,,http://fl.milesplit.com/teams/FSU,,http://co.milesplit.com/meets/197548-fhsaa-cross-country-state-finals
cc,2015-11-07,Columbia, SC,,,,http://co.milesplit.com/meets/189776-schsl-state-championships
indoor,2015-01-02,Hampton, VA,,http://VA.milesplit.com/teams/LAKE,,http://va.milesplit.com/meets/186557-suffolk-stars-invitational
indoor,2015-01-02,Ann Arbor, MI,,,,http://mi.milesplit.com/meets/188498-mits-u-of-m-1
cc,2015-10-31,Lakeland, FL,,http://FL.milesplit.com/teams/FLYRA,,http://fl.milesplit.com/meets/201860-flyra-middle-school-state-championship
indoor,2015-01-02,Birmingham, AL,,http://AL.milesplit.com/teams/HVER,,http://al.milesplit.com/meets/173626-ice-breaker-invitational-1a-6a
cc,2015-09-12,Lyons, CO,,http://CO.milesplit.com/teams/LYON,,http://co.milesplit.com/meets/195228-st-vrain-cross-country-invitational
indoor,2014-12-30,Bethlehem, PA,,,,http://pa.milesplit.com/meets/188193-robert-j-burdette-indoor-classic
cc,2015-10-09,Kissimmee, FL,,http://FL.milesplit.com/teams/DIS,,http://fl.milesplit.com/meets/202820-disney-cross-country-classic-presented-by-new-balance
indoor,2014-12-29,New York, NY,,http://NY.milesplit.com/teams/Arm,,http://ny.milesplit.com/meets/186710-marine-corps-holiday-classic
cc,2015-10-03,Oakville, AL,,http://AL.milesplit.com/teams/LAWR,,http://al.milesplit.com/meets/197358-17th-annual-jesse-owens-classic
cc,2015-10-02,Tallahassee, FL,,http://fl.milesplit.com/teams/FSU,,http://co.milesplit.com/meets/197547-fsu-prestate-invitational
cc,2015-09-25,Titusville, FL,,http://FL.milesplit.com/teams/TTVL,,http://fl.milesplit.com/meets/187238-flrunnerscom-invitational-16
indoor,2014-12-27,Landover, MD,,http://VA.milesplit.com/teams/ROB,,http://md.milesplit.com/meets/188951-fit-friends-of-indoor-track-invitational
indoor,2014-12-27,Boston, MA,,,,http://co.milesplit.com/meets/190835-boston-holiday-challenge
indoor,2014-12-26,New York, NY,,http://NY.milesplit.com/teams/NSSHS,,http://ny.milesplit.com/meets/186708-north-shore-hs-invitational
indoor,2014-12-27,Providence, RI,,,,http://ri.milesplit.com/meets/189827-rhode-island-classic
indoor,2014-12-26,Landover, MD,,,,http://md.milesplit.com/meets/190872-frostbite-invitational
cc,2015-09-05,Memphis, TN,,http://tn.milesplit.com/teams/CBU,,http://co.milesplit.com/meets/201237-brooks-memphis-twilight-classic
indoor,2014-12-21,Boston, MA,,,,http://co.milesplit.com/meets/190671-mstca-winter-festival-small-schools
indoor,2014-12-22,Landover, MD,,http://VA.milesplit.com/teams/ROB,,http://md.milesplit.com/meets/190294-winter-track-festival
indoor,2014-12-20,Winston-Salem, NC,,,,http://nc.milesplit.com/meets/186183-ncrunners-holiday-invitational
indoor,2014-12-20,Providence, RI,,,,http://ri.milesplit.com/meets/189826-ritca-invitational
indoor,2014-12-20,Boston, MA,,,,http://co.milesplit.com/meets/190672-mstca-winter-festival-large-schools
indoor,2014-12-20,Toms River, NJ,,,,http://nj.milesplit.com/meets/188266-demarest-invitational
