Event_Name,Race_Type,Date,Country,City,State,Location,Website_URL,Phone_Number,Details_URL,Facebook_URL
Rock 'n' Roll Liverpool Marathon and Half,Marathons,June 14th 2015, United Kingdom,Liverpool,,,http://uk.competitor.com/,,http://www.runnerspace.com/eprofile.php?event_id=10558,
Ceske Budejovice Half Marathon,Marathons,June 6th 2015, Czech Republic,Ceske Budejovice,,,http://www.runczech.com/en/events/mattoni-ceske-budejovice-half-marathon-2014/index.shtml,,http://www.runnerspace.com/eprofile.php?event_id=9199,
Flora Women's Mini Marathon 10K,Road Racing,June 1st 2015, Ireland,Dublin,,,http://www.florawomensminimarathon.ie/,,http://www.runnerspace.com/eprofile.php?event_id=7360,http://www.facebook.com/pages/Flora-Womens-Mini-Marathon/379148747737
Bellin Run 10K,Road Racing,June 13th 2015, United States,Green Bay,Wisconsin,,http://www.bellinrun.com/,,http://www.runnerspace.com/eprofile.php?event_id=6873,http://www.facebook.com/BellinRun
Olomouc Half Marathon,Marathons,June 20th 2015, Czech Republic,Olomouc,,,http://www.runczech.com/en/,,http://www.runnerspace.com/eprofile.php?event_id=8759,
Rock 'n' Roll Seattle Marathon and Half,Marathons,June 13th 2015, United States,Seattle, Washington,,http://runrocknroll.competitor.com/seattle,,http://www.runnerspace.com/eprofile.php?event_id=5372,
Greater Clarksburg 10K,Road Racing,June 20th 2015, United States,Clarksburg, Virginia,,http://www.greaterclarksburg10k.org/,,http://www.runnerspace.com/eprofile.php?event_id=7365,
Festival of Miles,Track and Field,June 4th 2015, United States, St Louis,Missouri,,http://www.stlfestivalofmiles.com,,http://www.runnerspace.com/eprofile.php?event_id=6471,
Vidovdan Road Race,Road Racing,June 28th 2015, Bosnia and Herzegovina,Brcko,,,http://www.vidovdanskatrka.org/,,http://www.runnerspace.com/eprofile.php?event_id=8758,
Pikes Peak Marathon and Ascent,Marathons,August 15th-16th 2015, United States,Colorado Springs, Colorado,,http://pikespeakmarathon.com/,,http://www.runnerspace.com/eprofile.php?event_id=3851,http://www.facebook.com/pikespeakmarathon
Wharf to Wharf Race,Road Racing,July 26th 2015, United States,Santa Cruz, California,,http://www.wharftowharf.com/,,http://www.runnerspace.com/eprofile.php?event_id=7372,http://www.facebook.com/pages/Wharf-to-Wharf-Race/169269195111
Seattle Marathon and Half,Road Racing,November 29th 2015, United States,Seattle,,,http://www.seattlemarathon.org,,http://www.runnerspace.com/eprofile.php?event_id=205,https://www.facebook.com/SeattleMarathon
Siberian International Marathon,Marathons,September 21st 2014, Russian Federation,Omsk,,,http://www.runsim.ru/en/sim,,http://www.runnerspace.com/eprofile.php?event_id=9703,
Great Ireland Run,Road Racing,April 11th 2015, Ireland,Dublin,,,http://www.greatirelandrun.org,,http://www.runnerspace.com/eprofile.php?event_id=5358,
First Night Saratoga 5k,Road Racing,December 31st 2015, United States,Saratoga, New York,,http://www.saratoga-arts.org/firstnight/5krun.php,,http://www.runnerspace.com/eprofile.php?event_id=5453,
Rock 'n' Roll San Diego Marathon and Half,Marathons,May 31st 2015, United States,San Diego, California,,http://runrocknroll.competitor.com/san-diego,,http://www.runnerspace.com/eprofile.php?event_id=239,
Venice Marathon,Marathons,October 25th 2015, Italy,Venice,,,http://www.venicemarathon.it,,http://www.runnerspace.com/eprofile.php?event_id=5324,https://www.facebook.com/ASDVenicemarathon
San Silvestre Vallecana 10K,Road Racing,December 31st 2015, Spain,Madrid,,,http://www.sansilvestrevallecana.com/,,http://www.runnerspace.com/eprofile.php?event_id=7392,
Honolulu Marathon,Marathons,December 13th 2015, United States,Honolulu, Hawaii,,http://www.honolulumarathon.org/,,http://www.runnerspace.com/eprofile.php?event_id=208,https://www.facebook.com/pages/Honolulu-Marathon/229185790927
Dallas Marathon and Half,Marathons,December 13th 2015, United States,Dallas, Texas,,http://www.runtherock.com/,,http://www.runnerspace.com/eprofile.php?event_id=7390,https://www.facebook.com/DallasMarathon
Rock 'n' Roll San Antonio Marathon and Half,Marathons,December 6th 2015, United States,San Antonio, Texas,,http://runrocknroll.competitor.com/san-antonio,,http://www.runnerspace.com/eprofile.php?event_id=97,
Singapore Marathon,Marathons,December 6th 2015, Singapore,Singapore,,,http://www.marathonsingapore.com/,,http://www.runnerspace.com/eprofile.php?event_id=5334,
Rock 'n' Roll Vancouver Half Marathon,Road Racing,October 25th 2015, Canada,Vancouver, British Columbia,,http://runrocknroll.competitor.com/vancouver,,http://www.runnerspace.com/eprofile.php?event_id=10559,https://www.facebook.com/RnRVancouver
St Jude Memphis Marathon and Half,Marathons,December 5th 2015, United States,Memphis, Tennessee,,http://www.stjudemarathon.org,,http://www.runnerspace.com/eprofile.php?event_id=7389,
California International Marathon (CIM),Marathons,December 7th 2014, United States,Sacramento, California,,http://www.runcim.org/,,http://www.runnerspace.com/eprofile.php?event_id=471,https://www.facebook.com/pages/California-International-Marathon/103783039660173
Rock 'n' Roll Los Angeles Half Marathon,Marathons,October 25th 2015, United States,Los Angeles, California,,http://runrocknroll.competitor.com/los-angeles,,http://www.runnerspace.com/eprofile.php?event_id=5375,http://www.facebook.com/RnRLA
Fukuoka Marathon,Marathons,December 7th 2015, Japan,Fukuoka,,,http://www.fukuoka-marathon.com/en/,,http://www.runnerspace.com/eprofile.php?event_id=7385,
Trinidad Alfonso Valencia Half Marathon,Marathons,October 18th 2015, Spain,Valencia,,,http://www.valenciaciudaddelrunning.com/en/valencia-half-marathon/,,http://www.runnerspace.com/eprofile.php?event_id=9701,https://www.facebook.com/mediomaratonvalencia
Frankfurt Marathon,Marathons,October 25th 2015, Germany,Frankfurt,,,http://www.bmw-frankfurt-marathon.com/,,http://www.runnerspace.com/eprofile.php?event_id=789,https://www.facebook.com/ffmmarathon
Nike Women's Marathon and Half,Marathons,October 19th 2015, United States,San Francisco, California,,http://www.nike.com/events/register/werunsf/,,http://www.runnerspace.com/eprofile.php?event_id=192,https://www.facebook.com/RunNikeWomenSeries
USATF Masters 5 km Championships,Road Racing,October 18th 2015, United States,Syracuse, New York,,http://www.usatf.org/Events---Calendar/2014/USA-Masters-5-km-Championships.aspx,,http://www.runnerspace.com/eprofile.php?event_id=7393,
Bupa Great South Run,Road Racing,October 25th 2015, United Kingdom,Portsmouth,,,http://www.greatrun.org/Events/event.aspx?id=12,,http://www.runnerspace.com/eprofile.php?event_id=9695,http://www.facebook.com/greatsouthrun
Rock 'n' Roll St Louis Marathon and Half,Marathons,October 18th 2015, United States,St. Louis, Missouri,,http://runrocknroll.competitor.com/st-louis,,http://www.runnerspace.com/eprofile.php?event_id=5374,http://www.facebook.com/RnRStLouis
Marseille Cassis,Road Racing,October 25th 2015, France,Marseille,,,http://www.marseille-cassis.com/en/,,http://www.runnerspace.com/eprofile.php?event_id=9702,https://www.facebook.com/MarseilleCassis
Marine Corps Marathon,Marathons,October 25th 2015, United States,Washington, District Of Columbia,,http://www.marinemarathon.com/,,http://www.runnerspace.com/eprofile.php?event_id=194,https://www.facebook.com/MarineCorpsMarathon
Rock 'n' Roll Lisbon Marathon and Half,Marathons,October 18th 2015, Portugal,Lisbon,,,http://pt.competitor.com/portugal,,http://www.runnerspace.com/eprofile.php?event_id=7339,http://www.facebook.com/RnRPortugal
Beijing Marathon,Marathons,October 18th 2015, China,Beijing,,,http://www.beijing-marathon.com/en/,,http://www.runnerspace.com/eprofile.php?event_id=9694,
Bupa Great Birmingham Run,Road Racing,October 18th 2015, United Kingdom,BIrmingham,,,http://www.greatrun.org/Events/event.aspx?id=14,,http://www.runnerspace.com/eprofile.php?event_id=9700,http://www.facebook.com/greatbirminghamrun
Komen Race for the Cure - Dallas,Road Racing,October 17th 2015, United States,Dallas, Texas,,http://www.komen-dallas.org/,,http://www.runnerspace.com/eprofile.php?event_id=403,http://www.facebook.com/KomenDallas
Des Moines Marathon,Marathons,October 18th 2015, United States,Des Moines, Iowa,,http://www.desmoinesmarathon.com/,,http://www.runnerspace.com/eprofile.php?event_id=7380,https://www.facebook.com/desmoinesmarathon
Columbus Marathon and Half,Marathons,October 18th 2015, United States, Columbus,Broad Street,,http://www.columbusmarathon.com/,,http://www.runnerspace.com/eprofile.php?event_id=6894,http://www.facebook.com/ColumbusMarathon
Rock 'n' Roll Denver Half Marathon,Road Racing,October 18th 2015, United States,Denver, Colorado,,http://runrocknroll.competitor.com/denver,,http://www.runnerspace.com/eprofile.php?event_id=4811,http://www.facebook.com/RnRDenver
Amsterdam Marathon,Marathons,October 18th 2015, Netherlands,Amsterdam,,,http://www.tcsamsterdammarathon.nl/en/,,http://www.runnerspace.com/eprofile.php?event_id=9693,https://www.facebook.com/TCSAmsterdamMarathon
Komen Race for the Cure - Denver,Road Racing,September 27th 2015, United States,Denver, Colorado,,http://www.komendenver.org/,,http://www.runnerspace.com/eprofile.php?event_id=377,
Detroit Free Press Marathon,Marathons,October 17th-18th 2015, United States,Detroit, Michigan,,http://www.freepmarathon.com/,,http://www.runnerspace.com/eprofile.php?event_id=189,https://www.facebook.com/detroitmarathon
City of Pittsburgh Great Race,Road Racing,September 27th 2015, United States,Pittsburgh, Pennsylvania,,http://www.rungreatrace.com/,,http://www.runnerspace.com/eprofile.php?event_id=7376,https://www.facebook.com/pages/Richard-S-Caliguiri-City-of-Pittsburgh-Great-Race/135851826439856
Quad Cities Marathon,Marathons,September 27th 2015, United States,Moline, Illinois,,http://www.qcmarathon.org/,,http://www.runnerspace.com/eprofile.php?event_id=356,https://www.facebook.com/pages/The-Quad-Cities-Marathon/130497283640099
Baltimore Running Festival,Road Racing,October 17th 2015, United States,Baltimore, Maryland,,http://www.thebaltimoremarathon.com/,,http://www.runnerspace.com/eprofile.php?event_id=393,https://www.facebook.com/BaltimoreRunningFestival
Rock 'n' Roll San Jose Half Marathon,Road Racing,September 27th 2015, United States,San Jose, California,,http://runrocknroll.competitor.com/san-jose,,http://www.runnerspace.com/eprofile.php?event_id=376,http://www.facebook.com/RnRSanJose
USATF Women's 10 km Championship - Official Website,,,,,,,,,http://www.runnerspace.com/eprofile.php?event_id=2522,
Tufts 10k for Women,Road Racing,October 12th 2015, United States,Boston, Massachusetts,,http://www.tufts-healthplan.com/tufts10k/index.php,,http://www.runnerspace.com/eprofile.php?event_id=188,https://www.facebook.com/pages/Tufts-Health-Plan-10K-for-Women/152947251479
Steamtown Marathon,Marathons,October 11th 2015, United States,Scranton, Pennsylvania,,http://www.steamtownmarathon.com,,http://www.runnerspace.com/eprofile.php?event_id=7378,http://www.facebook.com/steamtown.marathon
Boston Half Marathon,Road Racing,October 12th 2015, United States,Boston, Massachusetts,,http://www.baa.org/Races/Half-Marathon.aspx,,http://www.runnerspace.com/eprofile.php?event_id=5004,
Long Beach Marathon and Half,Marathons,October 11th 2015, United States,Long Beach, California,,http://www.runlongbeach.com/,,http://www.runnerspace.com/eprofile.php?event_id=185,https://www.facebook.com/LongBeachMarathon
Kaiser Permanente Atlanta 5K,Road Racing,September 24th 2015, United States,Atlanta, Georgia,,http://www.kpcorporaterunwalk.com/,,http://www.runnerspace.com/eprofile.php?event_id=354,http://www.facebook.com/KPCorporateRunWalk
Berlin Marathon,Marathons,September 27th 2015, Germany,Berlin,,,http://www.bmw-berlin-marathon.com/,,http://www.runnerspace.com/eprofile.php?event_id=411,http://www.facebook.com/berlinmarathon
York White Rose Run 5 Mile,Road Racing,September 26th 2015, United States,York, Pennsylvania,,http://www.yorkwhiteroserun.com/,,http://www.runnerspace.com/eprofile.php?event_id=7394,https://www.facebook.com/YorkWhiteRoseRun
Chicago Half Marathon,Road Racing,September 27th 2015, United States,Chicago, Illinois,,http://www.chicagohalfmarathon.com/,,http://www.runnerspace.com/eprofile.php?event_id=179,https://www.facebook.com/ChicagoHalfMarathon
Army Ten Miler,Road Racing,October 11th 2015, United States,Washington, District Of Columbia,,http://www.armytenmiler.com/,,http://www.runnerspace.com/eprofile.php?event_id=392,http://www.facebook.com/ArmyTenMiler
Komen Race for the Cure - Little Rock,Road Racing,October 10th 2015, United States,Little Rock, Arkansas,,http://www.komenarkansas.org/,,http://www.runnerspace.com/eprofile.php?event_id=399,http://www.facebook.com/komenarkansas
Chicago Marathon,Marathons,October 11th 2015, United States,Chicago, Illinois,,http://www.chicagomarathon.com/,,http://www.runnerspace.com/eprofile.php?event_id=187,http://www.facebook.com/ChicagoMarathon
USATF 5 km Championships - Official Website,,,,,,,,,http://www.runnerspace.com/eprofile.php?event_id=2519,
Komen Race for the Cure - Phoenix,Road Racing,October 11th 2015, United States,Phoenix, Arizona,,http://www.komenphoenix.org/,,http://www.runnerspace.com/eprofile.php?event_id=400,https://www.facebook.com/KomenCANaz
Carrera de la Mujer,Road Racing,October 5th 2015, Colombia,Bogota,,,http://www.carreradelamujer.com/,,http://www.runnerspace.com/eprofile.php?event_id=9691,https://www.facebook.com/#!/carreradelamujer?fref=ts
Hartford Marathon and Half,Marathons,October 10th 2015, United States,Hartford, Connecticut,,http://www.hartfordmarathon.com/,,http://www.runnerspace.com/eprofile.php?event_id=394,https://www.facebook.com/hmfevents
Sydney Marathon,Marathons,September 20th 2015, Australia,Sydney,,,http://www.sydneyrunningfestival.com.au/enter/marathon,,http://www.runnerspace.com/eprofile.php?event_id=9699,
Maui Marathon and Half,Marathons,September 20th 2015, United States,Maui, Hawaii,,http://www.mauimarathonhawaii.com/,,http://www.runnerspace.com/eprofile.php?event_id=316,http://www.facebook.com/mauimarathonhawaii
Akron Marathon and Half,Marathons,September 26th 2015, United States,Akron, Ohio,,http://www.akronmarathon.org,,http://www.runnerspace.com/eprofile.php?event_id=408,http://www.facebook.com/pages/Akron-Marathon/394888617211554
Rock 'n' Roll Montreal Marathon and Half,Marathons,September 20th 2015, Canada,Montreal, Quebec,,http://ca.competitor.com/montreal,,http://www.runnerspace.com/eprofile.php?event_id=314,http://www.facebook.com/RnRMontreal
CVS Downtown 5k,Road Racing,September 20th 2015, United States,Providence, Rhode Island,,http://www.cvsdowntown5k.com/,,http://www.runnerspace.com/eprofile.php?event_id=347,
Great Cow Harbor 10k,Road Racing,September 19th 2015, United States,Northport, New York,,http://www.cowharborrace.com/,,http://www.runnerspace.com/eprofile.php?event_id=328,
Top of Utah Marathon,Marathons,September 19th 2015, United States,Logan, Utah,,http://www.topofutahmarathon.com,,http://www.runnerspace.com/eprofile.php?event_id=6748,
USATF 10 Mile Championships - Official Website,,,,,,,,,http://www.runnerspace.com/eprofile.php?event_id=2520,
Twin Cities Marathon,Marathons,October 4th 2015, United States,Minneapolis, Minnesota,,http://www.mtcmarathon.org/,,http://www.runnerspace.com/eprofile.php?event_id=186,https://www.facebook.com/TwinCitiesInMotion
Komen Race for the Cure - Des Moines,Road Racing,October 4th 2015, United States,Des Moines, Iowa,,http://www.komendesmoines.org/,,http://www.runnerspace.com/eprofile.php?event_id=404,
Briggs and Al's Run and Walk,Road Racing,September 19th 2015, United States,Milwaukee, Wisconsin,,http://www.alsrun.com/,,http://www.runnerspace.com/eprofile.php?event_id=321,http://www.facebook.com/pages/Briggs-Als-Run-Walk-for-Childrens-Hospital/99411235329
Portland Marathon,Marathons,October 4th 2015, United States,Portland, Oregon,,http://www.portlandmarathon.org/,,http://www.runnerspace.com/eprofile.php?event_id=184,https://www.facebook.com/pdxmarathon
Great Scottish Run,Road Racing,October 4th 2015, United Kingdom,Glasgow,,,http://www.greatscottishrun.com/,,http://www.runnerspace.com/eprofile.php?event_id=9692,http://www.facebook.com/GreatScottishRun
New Haven Road Race,Road Racing,September 7th 2015, United States,New Haven, Connecticut,,http://www.newhavenroadrace.org/,,http://www.runnerspace.com/eprofile.php?event_id=290,
USATF 20 km Championships - Official Website,,,,,,,,,http://www.runnerspace.com/eprofile.php?event_id=2518,
St George Marathon,Road Racing,October 3rd 2015, United States,St. George, Utah,,http://www.stgeorgemarathon.com/,,http://www.runnerspace.com/eprofile.php?event_id=180,https://www.facebook.com/pages/St-George-Marathon/174144762628960
Parks Half Marathon,Marathons,September 13th 2015, United States,Rockville, Maryland,,http://www.parkshalfmarathon.com/,,http://www.runnerspace.com/eprofile.php?event_id=319,https://www.facebook.com/pages/Parks-Half-Marathon/130502653730778
Usti nad Labem Half Marathon,Marathons,September 12th 2015, Czech Republic,Usti,,,http://www.runczech.com/en/events/mattoni-usti-nad-labem-half-marathon-2014/races/mattoni-usti-nad-labem-half-marathon/index.shtml,,http://www.runnerspace.com/eprofile.php?event_id=9698,
Labor Day Half Marathon,Marathons,September 7th 2015, United States,Woodinville, Washington,,http://www.labordayrun.com/,,http://www.runnerspace.com/eprofile.php?event_id=291,https://www.facebook.com/labordayhalf
Toronto Waterfront Marathon and Half,Marathons,October 19th 2014, Canada,Toronto, Ontario,,http://www.torontowaterfrontmarathon.com/,,http://www.runnerspace.com/eprofile.php?event_id=5641,http://www.facebook.com/TorontoWaterfront42k
Disneyland Half Marathon Weekend,Road Racing,September 6th-7th 2015, United States,Anaheim, California,,http://www.rundisney.com/disneyland-half-marathon/,,http://www.runnerspace.com/eprofile.php?event_id=177,
Prague Grand Prix 10K,Road Racing,September 6th 2015, Czech Republic,Prague,,,http://www.runczech.com/en/,,http://www.runnerspace.com/eprofile.php?event_id=9690,
Milford Labor Day 30k,Road Racing,September 5th 2015, United States,Milford, Michigan,,http://www.laborday30k.com/,,http://www.runnerspace.com/eprofile.php?event_id=295,
Charleston Distance Run,Road Racing,September 5th 2015, United States,Charleston, West Virginia,,http://www.charlestondistancerun.com/,,http://www.runnerspace.com/eprofile.php?event_id=293,https://www.facebook.com/CharlestonDistanceRun
Tjejmilen 10K,Road Racing,September 5th 2015, Sweden,Stockholm,,,http://www.tjejmilen.se/Start/index.cfm?Lan_ID=3,,http://www.runnerspace.com/eprofile.php?event_id=6747,
Florence Marathon,Marathons,November 29th 2015, Italy,Florence,,,http://www.firenzemarathon.it/index.php?lang=en,,http://www.runnerspace.com/eprofile.php?event_id=5335,
Rock 'n' Roll Madrid Marathon,Marathons,April 26th 2015, Spain,Madrid,,,http://es.competitor.com/madrid/,,http://www.runnerspace.com/eprofile.php?event_id=5355,
NYRR 4M,Road Racing,April 26th 2015, United States,New York, New York,,http://www.nyrr.org/races-and-events,,http://www.runnerspace.com/eprofile.php?event_id=7351,
Emerald Across the Bay 12k,Road Racing,April 26th 2015, United States,San Francisco, California,,http://rhodyco.com/eab12k-2012.html,,http://www.runnerspace.com/eprofile.php?event_id=266,
Bupa Great North Run,Road Racing,September 7th 2014, United Kingdom,Newcastle/Gateshead,,,http://www.greatrun.org/Events/Event.aspx?id=1,,http://www.runnerspace.com/eprofile.php?event_id=415,
Rock 'n' Roll Virginia Beach Half Marathon,Road Racing,September 6th 2015, United States,Virginia Beach, Virginia,,http://runrocknroll.competitor.com/virginia-beach,,http://www.runnerspace.com/eprofile.php?event_id=178,http://www.facebook.com/RnRVB
London Marathon,Marathons,April 26th 2015, United Kingdom,London,,,http://www.virginlondonmarathon.com/,,http://www.runnerspace.com/eprofile.php?event_id=2858,
Delhi Half Marathon,Marathons,November 29th 2015, India,Delhi,,,http://www.procamrunning.in/adhm/,,http://www.runnerspace.com/eprofile.php?event_id=5321,https://www.facebook.com/runadhm
Dusseldorf Marathon,Marathons,April 26th 2015, Germany,Dusseldorf,,,http://www.metrogroup-marathon.de/,,http://www.runnerspace.com/eprofile.php?event_id=3089,
YMCA Buffalo Turkey Trot 8K,Road Racing,November 26th 2015, United States,Buffalo, New York,,http://www.ymcabuffaloniagara.org/turkeytrot.html,,http://www.runnerspace.com/eprofile.php?event_id=204,
Thanksgiving Day Race 10K,Road Racing,November 26th 2015, United States,Cincinnati, Ohio,,http://thanksgivingdayrace.com/,,http://www.runnerspace.com/eprofile.php?event_id=7399,https://www.facebook.com/pages/Thanksgiving-Day-Race/107934124588?ref=ts
Fifth Third Turkey Trot,Road Racing,November 26th 2015, United States,Detroit, Michigan,,http://www.theparade.org/turkeytrot/,,http://www.runnerspace.com/eprofile.php?event_id=7396,https://www.facebook.com/pages/Fifth-Third-Turkey-Trot/180057698682761
Mile High United Way Turkey Trot 4 Mile,Road Racing,November 26th 2015, United States,Denver, Colorado,,http://www.unitedwaydenver.org/turkey-trot,,http://www.runnerspace.com/eprofile.php?event_id=7398,
Silicon Valley Turkey Trot,Road Racing,November 26th 2015, United States,San Jose, California,,http://www.svturkeytrot.com/,,http://www.runnerspace.com/eprofile.php?event_id=1046,https://www.facebook.com/pages/Applied-Materials-Silicon-Valley-Turkey-Trot/239062706117113
Manchester Road Race,Road Racing,November 26th 2015, United States,Manchester, Connecticut,,http://www.manchesterroadrace.com/,,http://www.runnerspace.com/eprofile.php?event_id=469,https://www.facebook.com/ManchesterRoadRace
Rock 'n' Roll Nashville Marathon and Half,Marathons,April 25th 2015, United States,Nashville, Tennessee,,http://nashville.competitor.com/,,http://www.runnerspace.com/eprofile.php?event_id=327,
Boston Marathon,Marathons,April 20th 2015, United States,Boston,,,http://www.bostonmarathon.org/,,http://www.runnerspace.com/eprofile.php?event_id=71,
Kentucky Derby Festival Marathon and miniMarathon,Marathons,April 25th 2015, United States,Louisville, Kentucky,,http://www.derbyfestivalmarathon.com/,,http://www.runnerspace.com/eprofile.php?event_id=7352,http://www.facebook.com/derbyfestmarathon
Vancouver Sun Run 10k,Road Racing,April 19th 2015, Canada,Vancouver, British Columbia,,http://www.sunrun.com/,,http://www.runnerspace.com/eprofile.php?event_id=325,
Pat's Run 4.2 Mile,Road Racing,April 25th 2015, United States,Tempe, Arizona,,http://www.pattillmanfoundation.org/pats-run/,,http://www.runnerspace.com/eprofile.php?event_id=7350,
Nagano Olympic Commemorative Marathon,Marathons,April 19th 2015, Japan,Nagano,,,http://www.naganomarathon.gr.jp/,,http://www.runnerspace.com/eprofile.php?event_id=5359,
Atlanta Half Marathon,Marathons,November 26th 2015, United States,Atlanta, Georgia,,http://www.atlantahalfmarathon.org/,,http://www.runnerspace.com/eprofile.php?event_id=6715,
Great Ethiopian Run 10K,Road Racing,November 22nd 2015, Ethiopia,Addis Ababa,,,http://www.ethiopianrun.org/,,http://www.runnerspace.com/eprofile.php?event_id=7388,https://www.facebook.com/GreatEthiopianRun
Trinidad Alfonso Valencia Marathon,Marathons,November 15th 2015, Spain,Valencia,,,http://www.valenciaciudaddelrunning.com/en/marathon-valencia/,,http://www.runnerspace.com/eprofile.php?event_id=9706,https://www.facebook.com/maratonvalencia
Rock 'n' Roll Las Vegas Marathon and Half,Marathons,November 15th 2015, United States,Las Vegas, Nevada,,http://runrocknroll.competitor.com/las-vegas,,http://www.runnerspace.com/eprofile.php?event_id=207,
Istanbul Marathon,Marathons,November 15th 2015, Turkey,Istanbul,,,http://www.istanbulmarathon.org/en,,http://www.runnerspace.com/eprofile.php?event_id=9697,
Lodz Marathon Dbam o Zdrowie,Marathons,April 19th 2015, Poland,Lodz,,,http://www.lodzmaraton.pl/,,http://www.runnerspace.com/eprofile.php?event_id=9202,https://www.facebook.com/lodzmaraton
Salt Lake City Marathon,Marathons,April 18th 2015, United States,Salt Lake City, Utah,,http://www.saltlakecitymarathon.com/,,http://www.runnerspace.com/eprofile.php?event_id=323,https://www.facebook.com/SaltLakeCityMarathon
Hannover Marathon,Marathons,April 19th 2015, Germany,Hannover,,,http://www.marathon-hannover.de/,,http://www.runnerspace.com/eprofile.php?event_id=8203,http://www.facebook.com/MarathonHannover
Philadelphia Marathon and Half,Marathons,November 20th 2015, United States,Philadelphia, Pennsylvania,,http://www.philadelphiamarathon.com/,,http://www.runnerspace.com/eprofile.php?event_id=199,
Komen Race for the Cure - Indianapolis,Road Racing,April 18th 2015, United States,Indianapolis, Indiana,,http://www.komenindy.org/,,http://www.runnerspace.com/eprofile.php?event_id=322,www.facebook.com/komenindy
Jianzhen International Half Marathon,Marathons,April 19th 2015, China,Yangzhou,,,http://www.yzmls.com/,,http://www.runnerspace.com/eprofile.php?event_id=5349,
.US National 12K,,,,,,,,,http://www.runnerspace.com/eprofile.php?event_id=8644,
Richmond Marathon and Half,Marathons,November 14th 2015, United States,Richmond, Virginia,,http://www.richmondmarathon.com/,,http://www.runnerspace.com/eprofile.php?event_id=536,
Zevenheuvelenloop 15K,Road Racing,November 14th 2015, Netherlands,Nijmegen,,,http://www.zevenheuvelenloop.nl/,,http://www.runnerspace.com/eprofile.php?event_id=7395,https://www.facebook.com/Zevenheuvelenloop
Marathon des Alpes-Maritimes Nice-Cannes,Marathons,November 8th 2015, France,Nice,,,http://www.marathon06.com/2014/AN/index.htm,,http://www.runnerspace.com/eprofile.php?event_id=9705,http://www.facebook.com/pages/Marathon-des-Alpes-Maritimes-Nice-Cannes/102647059783452
Beirut Marathon,Marathons,November 8th 2015, Lebanon,Beirut,,,http://www.beirutmarathon.org/,,http://www.runnerspace.com/eprofile.php?event_id=9704,https://www.facebook.com/BeirutMarathon
Rock 'n' Roll Savannah Marathon and Half,Marathons,November 7th 2015, United States,Savannah, Georgia,,http://runrocknroll.competitor.com/savannah,,http://www.runnerspace.com/eprofile.php?event_id=5376,
Vienna City Marathon and Half,Marathons,April 12th 2015, Austria,Vienna,,,http://www.vienna-marathon.com,,http://www.runnerspace.com/eprofile.php?event_id=5697,
Statesman Capitol 10k,Road Racing,April 12th 2015, United States,Austin, Texas,,http://www.statesman.com/s/cap10k/,,http://www.runnerspace.com/eprofile.php?event_id=287,
Santiago Marathon,Marathons,April 12th 2015, Chile,Santiago,,,http://www.maratondesantiago.com/,,http://www.runnerspace.com/eprofile.php?event_id=8200,http://www.facebook.com/maratondesantiago
Boston B.A.A. 5k and Invitational Mile,Road Racing,April 18th 2015, United States,Boston, Massachusetts,,http://www.baa.org/races/5k.aspx,,http://www.runnerspace.com/eprofile.php?event_id=6718,
Rock 'n' Roll Raleigh Marathon and Half,Marathons,April 12th 2015, United States,Raleigh, North Carolina,,http://runrocknroll.competitor.com/raleigh,,http://www.runnerspace.com/eprofile.php?event_id=10557,http://facebook.com/RnRRaleighNC
Paris Marathon,Marathons,April 12th 2015, France,Paris,,,http://www.parismarathon.com,,http://www.runnerspace.com/eprofile.php?event_id=5348,https://www.facebook.com/parismarathon
Outer Banks Marathon and Half,Marathons,November 6th-8th 2015, United States,Kitty Hawk, North Carolina,,http://www.obxmarathon.org/,,http://www.runnerspace.com/eprofile.php?event_id=7381,https://www.facebook.com/OBXSportingEvents
Komen Race for the Cure - San Diego,Road Racing,November 1st 2015, United States,San Diego, California,,http://www.komensandiego.org/,,http://www.runnerspace.com/eprofile.php?event_id=310,
Rotterdam Marathon,Marathons,April 12th 2015, Netherlands,Rotterdam,,,http://www.abnamromarathonrotterdam.com/,,http://www.runnerspace.com/eprofile.php?event_id=2672,
Mangyongdae Prize Marathon,Marathons,April 12th 2015, North Korea,Pyongyang,,,,,http://www.runnerspace.com/eprofile.php?event_id=8201,
Milano Marathon,Marathons,April 12th 2015, Italy,Milan,,,http://milanocitymarathon.gazzetta.it,,http://www.runnerspace.com/eprofile.php?event_id=9201,https://www.facebook.com/MilanoMarathon
GO! St. Louis Marathon and Half,Marathons,April 12th 2015, United States,St. Louis, Missouri,,http://www.gostlouis.org/,,http://www.runnerspace.com/eprofile.php?event_id=227,http://www.facebook.com/pages/GO-St-Louis/58434855368
Cursa El Corte Engles 11K,Road Racing,April 12th 2015, Spain,Barcelona,,,http://www.cursaelcorteingles.cat/,,http://www.runnerspace.com/eprofile.php?event_id=7349,http://www.facebook.com/cursaelcorteingles
Cursa Bombers,Road Racing,April 12th 2015, Spain,Barcelona,,,http://www.cursabombers.com,,http://www.runnerspace.com/eprofile.php?event_id=6897,
Corvallis Half Marathon,Road Racing,April 12th 2015, United States,Corvallis, Oregon,,http://www.corvallishalfmarathon.com/,,http://www.runnerspace.com/eprofile.php?event_id=4827,
Credit Union Cherry Blossom 10 Mile Run,,,,,,,,,http://www.runnerspace.com/eprofile.php?event_id=230,
New York City Marathon,Marathons,November 1st 2015, United States,New York, New York,,http://www.nycmarathon.org,,http://www.runnerspace.com/eprofile.php?event_id=196,https://www.facebook.com/nycmarathon
Brighton Marathon,Marathons,April 12th 2015, United Kingdom,Brighton,,,http://www.brightonmarathon.co.uk/,,http://www.runnerspace.com/eprofile.php?event_id=8202,http://www.facebook.com/brightonmarathonofficial
Scotland Run 10k,Road Racing,April 5th 2015, United States,New York, New York,,http://www.nyrr.org/races-and-events/2013/scotland-run-10k,,http://www.runnerspace.com/eprofile.php?event_id=226,
IAU World 24 Hour Run Championships,Ultra Running,April 11th-12th 2015, Netherlands,Steenbergen,,,http://www.iau-ultramarathon.org,,http://www.runnerspace.com/eprofile.php?event_id=9207,
Pear Blossom Run,Road Racing,April 11th 2015, United States,Medford, Oregon,,http://www.pearblossomrun.com/,,http://www.runnerspace.com/eprofile.php?event_id=909,
Papa John's 10 Miler,Road Racing,April 4th 2015, United States,Louisville, Kentucky,,http://www.papajohns10miler.com/,,http://www.runnerspace.com/eprofile.php?event_id=225,
Daegu International Marathon,Marathons,April 5th 2015, South Korea,Daegu,,,http://marathon.daegusports.or.kr,,http://www.runnerspace.com/eprofile.php?event_id=9198,https://www.facebook.com/pages/2013%EB%8C%80%EA%B5%AC%EA%B5%AD%EC%A0%9C%EB%A7%88%EB%9D%BC%ED%86%A4%EB%8C%80%ED%9A%8C/229836527147046
Easter Sun Run,Road Racing,April 4th 2015, United States,Wichita, Kansas,,http://www.eastersunrun.com/,,http://www.runnerspace.com/eprofile.php?event_id=276,http://www.facebook.com/EasterSunRun
Freihofer's Run for Women 5K,Road Racing,May 30th 2015, United States,Albany, New York,,http://www.freihofersrun.com/,,http://www.runnerspace.com/eprofile.php?event_id=5357,
Crescent City Classic,Road Racing,April 4th 2015, United States,New Orleans, Louisiana,,http://www.ccc10k.com/,,http://www.runnerspace.com/eprofile.php?event_id=273,
Edinburgh Marathon,Marathons,May 30th-31st 2015, United Kingdom,Edinburgh,,,http://www.edinburgh-marathon.com/,,http://www.runnerspace.com/eprofile.php?event_id=8207,http://www.facebook.com/pages/Edinburgh-Marathon-Festival/147235415348427
Dam to Dam,Road Racing,May 30th 2015, United States,Des Moines, Iowa,,http://www.damtodam.com/,,http://www.runnerspace.com/eprofile.php?event_id=7359,www.facebook.com/DamtoDam
Ottawa Marathon,Marathons,May 24th 2015, Canada,Ottawa, Ontario,,http://www.ncm.ca,,http://www.runnerspace.com/eprofile.php?event_id=5327,
Goteborg Half Marathon,Marathons,May 23rd 2015, Sweden,Goteborg,,,http://www.goteborgsvarvet.se/en/,,http://www.runnerspace.com/eprofile.php?event_id=7356,
Kaiser Permanente Colfax Marathon and Half,Marathons,May 17th 2015, United States,Denver, Colorado,,http://www.coloradocolfaxmarathon.org/,,http://www.runnerspace.com/eprofile.php?event_id=7355,http://www.facebook.com/runcolfaxdenver
Spring Lake 5 Mile,Road Racing,May 22nd 2015, United States,Spring Lake, New Jersey,,http://www.springlake5.org/,,http://www.runnerspace.com/eprofile.php?event_id=7358,
Soldier Field 10 Mile,Road Racing,May 23rd 2015, United States,Chicago, Illinois,,http://www.soldierfield10.com/,,http://www.runnerspace.com/eprofile.php?event_id=7357,https://www.facebook.com/soldierfield10
Rock 'n' Roll Portland Half Marathon,Marathons,May 17th 2015, United States,Portland, Oregon,,http://runrocknroll.competitor.com/portland,,http://www.runnerspace.com/eprofile.php?event_id=7334,
Green Bay Marathon and Half,Marathons,May 17th 2015, United States,Green Bay, Wisconsin,,http://www.cellcomgreenbaymarathon.com/,,http://www.runnerspace.com/eprofile.php?event_id=7354,http://www.facebook.com/cellcomgreenbaymarathon
Ottawa 10k Road Race,Road Racing,May 23rd 2015, Canada,Ottawa, Ontario,,http://www.ncm.ca,,http://www.runnerspace.com/eprofile.php?event_id=5356,
Gifu Seiryu Half Marathon,Marathons,May 17th 2015, Japan,Gifu,,,http://www.gifu-marathon.jp/,,http://www.runnerspace.com/eprofile.php?event_id=9203,
Brooklyn Half Marathon,Marathons,May 16th 2015, United States,Brooklyn, New York,,http://www.nyrr.org/races/index.asp,,http://www.runnerspace.com/eprofile.php?event_id=699,
Beach to Bay Relay Marathon,Road Racing,May 16th 2015, Texas,Gulf Beach Access Road 6, Corpus Christi,,http://www.beachtobayrelay.com/,,http://www.runnerspace.com/eprofile.php?event_id=6872,https://www.facebook.com/pages/Beach-to-Bay/416790495043252
Bay to Breakers 12k,Road Racing,May 17th 2015, United States,San Francisco, California,,http://www.baytobreakers.com/,,http://www.runnerspace.com/eprofile.php?event_id=237,http://www.facebook.com/baytobreakers
USATF 1 Mile Road Championships - Official Website,,,,,,,,,http://www.runnerspace.com/eprofile.php?event_id=2513,
Miles for Moffitt,Road Racing,May 10th 2015, United States,Tampa,,,http://www.milesformoffitt.com/,,http://www.runnerspace.com/eprofile.php?event_id=549,http://www.facebook.com/MilesforMoffitt
Great Manchester Run 10k,Road Racing,May 10th 2015, United Kingdom,Manchester,,,http://www.greatrun.org/events/event.aspx?id=4,,http://www.runnerspace.com/eprofile.php?event_id=5351,
Komen Race for the Cure - Philadelphia,Road Racing,May 10th 2015, United States,Philadelphia, Pennsylvania,,http://komenphiladelphia.org/,,http://www.runnerspace.com/eprofile.php?event_id=236,http://www.facebook.com/KomenPhilly
USATF 25 km Championships - Official Website,,,,,,,,,http://www.runnerspace.com/eprofile.php?event_id=2514,
BIG 25 Berlin,Road Racing,May 10th 2015, Germany,Berlin,,,http://www.berlin-laeuft.de/,,http://www.runnerspace.com/eprofile.php?event_id=3249,
Komen Race for the Cure - Global,Road Racing,May 9th 2015, United States,Washington, District Of Columbia,,http://globalrace.info-komen.org/site/PageServer?pagename=hq_gr_homepage,,http://www.runnerspace.com/eprofile.php?event_id=6749,http://www.facebook.com/globalrace
Komen Race for the Cure - Southern Nevada,Road Racing,May 5th 2015, United States,Las Vegas, Nevada,,http://www.komensouthernnevada.org/,,http://www.runnerspace.com/eprofile.php?event_id=234,http://www.facebook.com/pages/Komen-Southern-Nevada-Race-for-the-Cure/255100881352
Vancouver Marathon,Marathons,May 3rd 2015, Canada,Vancouver, British Columbia,,http://www.bmovanmarathon.ca/,,http://www.runnerspace.com/eprofile.php?event_id=235,https://www.facebook.com/BMOVanMarathon
Eugene Marathon,Marathons,May 10th 2015, United States,Eugene, Oregon,,http://www.eugenemarathon.com/,,http://www.runnerspace.com/eprofile.php?event_id=54,www.facebook.com/pages/Eugene-Marathon/57553463827
Prague International Marathon,Marathons,May 3rd 2015, Czech Republic,Prague,,,http://www.praguemarathon.com/,,http://www.runnerspace.com/eprofile.php?event_id=5350,
Fifth Third River Bank Run 25k,Road Racing,May 9th 2015, United States,Grand Rapids,,,http://www.53riverbankrun.com/,,http://www.runnerspace.com/eprofile.php?event_id=334,
OC Marathon and Half,Marathons,May 3rd 2015, United States,Orange County, California,,http://www.ocmarathon.com/,,http://www.runnerspace.com/eprofile.php?event_id=209,
Broad Street Run 10 Miler,Road Racing,May 3rd 2015, United States,Philadelphia, Pennsylvania,,http://www.broadstreetrun.com/,,http://www.runnerspace.com/eprofile.php?event_id=329,
Flying Pig Marathon,Marathons,May 3rd 2015, Ohio,W. Mehring Way, Cincinnati,,http://www.flyingpigmarathon.com/,,http://www.runnerspace.com/eprofile.php?event_id=6893,
500 Festival Mini Marathon,Road Racing,May 2nd 2015, United States,Indianapolis, Indiana,,http://www.500festival.com/mini-marathon/,,http://www.runnerspace.com/eprofile.php?event_id=233,
Bloomsday Run 12k,Road Racing,May 3rd 2015, United States,Spokane, Washington,,http://www.bloomsday.org/,,http://www.runnerspace.com/eprofile.php?event_id=330,https://www.facebook.com/bloomsday
Bix 7 Mile,Road Racing,July 25th 2015, Iowa,Brady St, Davenport,,http://www.bix7.com/,,http://www.runnerspace.com/eprofile.php?event_id=6874,http://www.facebook.com/QCTBix7
Bogota Half Marathon,Marathons,July 26th 2015, Colombia,Bogota,,,http://www.mediamaratonbogota.com,,http://www.runnerspace.com/eprofile.php?event_id=5337,
Rock 'n' Roll Chicago Half Marathon,Road Racing,July 19th 2015, United States,Chicago, Illinois,,http://runrocknroll.competitor.com/chicago,,http://www.runnerspace.com/eprofile.php?event_id=175,http://www.facebook.com/RnRChicago
Boilermaker 15k,Road Racing,July 12th 2015, United States,Utica,,,http://www.boilermaker.com/,,http://www.runnerspace.com/eprofile.php?event_id=240,http://www.facebook.com/boilermaker15k
Crazy 8s 8K,Road Racing,July 11th 2015, Tennessee,Ft. Henry Drive, Kingsport,,http://werunevents.com/crazy-8s/,,http://www.runnerspace.com/eprofile.php?event_id=6895,
USATF Men's 10 km Championship - Official Website,,,,,,,,,http://www.runnerspace.com/eprofile.php?event_id=2515,
Aquafina Butte to Butte,,,,,,,,,http://www.runnerspace.com/eprofile.php?event_id=126,
Gold Coast Airport Marathon,Road Racing,July 4th 2015, Australia,Gold Coast,,,http://goldcoastmarathon.com.au/,,http://www.runnerspace.com/eprofile.php?event_id=9689,http://www.facebook.com/gcmarathon
5th Season 8K,Road Racing,July 4th 2015, United States,Cedar Rapids, Iowa,,http://www.fifthseasonrace.com/,,http://www.runnerspace.com/eprofile.php?event_id=7369,http://www.facebook.com/fifthseasonrace
Peachtree Road Race,Road Racing,July 4th 2015, United States,Atlanta, Georgia,,http://www.peachtreeroadrace.org/,,http://www.runnerspace.com/eprofile.php?event_id=3712,
Kentlands Lakelands 5k,Road Racing,August 29th 2015, United States,Gaithersburg, Maryland,,http://www.kentlands.org/5K/,,http://www.runnerspace.com/eprofile.php?event_id=294,
Crim Festival of Races,Road Racing,August 22nd 2015, United States,Flint, Michigan,,http://www.crim.org/,,http://www.runnerspace.com/eprofile.php?event_id=6717,http://www.facebook.com/crimfitnessfoundation
Hood to Coast Relay,Road Racing,August 28th-29th 2015, United States,Portland to Seaside, Oregon,,http://www.hoodtocoast.com,,http://www.runnerspace.com/eprofile.php?event_id=169,http://www.facebook.com/HoodToCoast
Falmouth Road Race,Road Racing,August 16th-17th 2015, United States,Falmouth, Massachusetts,,http://www.falmouthroadrace.com/,,http://www.runnerspace.com/eprofile.php?event_id=174,http://www.facebook.com/FalmouthRoadRace
Park City Marathon and Half,,August 16th 2015, United States,Park City, Utah,,http://www.pcmarathon.com/,,http://www.runnerspace.com/eprofile.php?event_id=547,
America's Finest City Half Marathon,Road Racing,August 16th 2015, United States,San Diego, California,,http://www.afchalf.com/,,http://www.runnerspace.com/eprofile.php?event_id=176,http://www.facebook.com/pages/Americas-Finest-City-Half-Marathon-AFC-and-5K/221941004488910
San Francisco Marathon and Half,Marathons,July 26th 2015, United States,San Francisco, California,,http://www.thesfmarathon.com/,,http://www.runnerspace.com/eprofile.php?event_id=201,
News and Sentinel Half Marathon,Marathons,August 15th 2015, United States,Parkersburg, West Virginia,,http://www.newsandsentinelhalfmarathon.com/,,http://www.runnerspace.com/eprofile.php?event_id=7373,
Rock 'n' Roll Dublin Half Marathon,Marathons,August 2nd 2015, Ireland,Dublin,,,http://ie.competitor.com/dublin/,,http://www.runnerspace.com/eprofile.php?event_id=7335,http://www.facebook.com/RnRDublin
City2Surf,Road Racing,August 9th 2015, Australia,Sydney,,,http://www.city2surf.com.au/,,http://www.runnerspace.com/eprofile.php?event_id=3837,https://www.facebook.com/sunheraldcity2surf
Beach to Beacon 10K,Road Racing,August 2nd 2014, United States,Cape Elizabeth, Maine,,http://www.beach2beacon.org/,,http://www.runnerspace.com/eprofile.php?event_id=172,
Boston B.A.A. 10k,Road Racing,June 21st 2015, United States,Boston, Massachusetts,,http://www.baa.org/races/10k.aspx,,http://www.runnerspace.com/eprofile.php?event_id=6567,
Shelter Island Run 10K,Road Racing,June 20th 2015, United States,Shelter Island, New York,,http://www.shelterislandrun.com/,,http://www.runnerspace.com/eprofile.php?event_id=7366,
Lanzhou International Marathon,Marathons,June 13th 2015, China,Lanzhou,,,http://www.lzmalasong.com/en/,,http://www.runnerspace.com/eprofile.php?event_id=9204,
Steamboat Classic,Road Racing,June 20th 2015, United States,Peoria, Illinois,,http://www.steamboatclassic.org/,,http://www.runnerspace.com/eprofile.php?event_id=7367,
Corrida de Langueux 10k,Road Racing,June 13th 2015, France,Langueux,,,http://www.corrida-langueux.com/,,http://www.runnerspace.com/eprofile.php?event_id=5360,
